{"v":{"0":7700.0,"1":167536.0,"2":100292.0,"3":362127.0,"4":265.0,"5":121559.0,"6":124777.0,"7":401.0,"8":221398.0,"9":37795.0,"10":71617.0,"11":327225.0,"12":1250.0,"13":89625.0,"14":52901.0,"15":1314.0,"16":156044.0,"17":86242.0,"18":46809.0,"19":122827.0,"20":20339.0,"21":36318.0,"22":122405.0,"23":600.0,"24":98500.0,"25":39959.0,"26":7077.0,"27":37028.0,"28":3302.0,"29":171648.0,"30":1230.0,"31":8248.0,"32":179084.0,"33":418.0,"34":225.0,"35":178006.0,"36":19317.0,"37":53410.0,"38":95538.0,"39":55559.0,"40":104422.0,"41":1415.0,"42":165448.0,"43":24026.0,"44":80462.0,"45":93082.0,"46":3000.0,"47":122984.0,"48":52285.0,"49":157762.0,"50":386440.0,"51":59498.0,"52":157106.0,"53":6987.0,"54":59940.0,"55":87482.0,"56":49944.0,"57":209422.0,"58":41152.0,"59":125551.0,"60":81437.0,"61":12893.0,"62":46220.0,"63":186769.0,"64":114041.0,"65":61731.0,"66":38814.0,"67":182843.0,"68":107790.0,"69":15106.0,"70":100.0,"71":138453.0,"72":166.0},"vw":{"0":1.12,"1":1.165,"2":1.1481,"3":1.151,"4":1.1,"5":1.0426,"6":1.0227,"7":1.05,"8":1.0107,"9":1.0217,"10":1.0763,"11":1.0174,"12":1.04,"13":1.0136,"14":1.0251,"15":1.0392,"16":1.0143,"17":0.9777,"18":0.995,"19":0.9678,"20":0.9687,"21":0.9482,"22":0.9537,"23":0.98,"24":0.9258,"25":0.9219,"26":0.9285,"27":0.9193,"28":0.9082,"29":0.922,"30":0.9246,"31":0.9194,"32":0.9904,"33":1.0152,"34":1.02,"35":1.0175,"36":0.9981,"37":1.0162,"38":1.009,"39":0.9922,"40":0.9773,"41":0.9529,"42":0.932,"43":0.9506,"44":0.9494,"45":0.9624,"46":0.945,"47":0.9299,"48":0.9264,"49":0.889,"50":0.8376,"51":0.8099,"52":0.8044,"53":0.8305,"54":0.8089,"55":0.7977,"56":0.8151,"57":0.7665,"58":0.7594,"59":0.7413,"60":0.7341,"61":0.7265,"62":0.7295,"63":0.7008,"64":0.7438,"65":0.7793,"66":0.7538,"67":0.7823,"68":0.8035,"69":0.8161,"70":0.82,"71":0.8133,"72":0.8196},"o":{"0":1.12,"1":1.11,"2":1.16,"3":1.15,"4":1.1,"5":1.1,"6":1.0271,"7":1.05,"8":1.03,"9":1.02,"10":1.06,"11":1.07,"12":1.04,"13":1.0,"14":1.02,"15":1.04,"16":1.05,"17":0.9781,"18":0.9926,"19":0.99,"20":0.9646,"21":0.96,"22":0.955,"23":0.98,"24":1.01,"25":0.9289,"26":0.92,"27":0.94,"28":0.91,"29":0.93,"30":0.92,"31":0.9,"32":0.915,"33":1.0,"34":1.02,"35":1.02,"36":1.01,"37":1.03,"38":1.015,"39":1.0,"40":0.9801,"41":0.95,"42":0.9601,"43":1.02,"44":0.9699,"45":0.95,"46":0.945,"47":0.9407,"48":0.93,"49":0.9101,"50":0.8551,"51":0.828,"52":0.803,"53":0.828,"54":0.84,"55":0.810101,"56":0.791,"57":0.765,"58":0.77,"59":0.75495,"60":0.7418,"61":0.721,"62":0.7259,"63":0.73,"64":0.7073,"65":0.79,"66":0.79,"67":0.77,"68":0.77,"69":0.8148,"70":0.82,"71":0.8249,"72":0.8196},"c":{"0":1.12,"1":1.16,"2":1.14,"3":1.095,"4":1.1,"5":1.02,"6":1.0,"7":1.05,"8":1.01,"9":1.04,"10":1.07,"11":1.0,"12":1.04,"13":1.02,"14":1.035,"15":1.0397,"16":0.98,"17":0.9974,"18":0.9801,"19":0.955613,"20":0.98,"21":0.95,"22":0.9217,"23":0.98,"24":0.929,"25":0.9101,"26":0.93,"27":0.91,"28":0.93,"29":0.9055,"30":0.94,"31":0.9101,"32":1.05,"33":1.02,"34":1.02,"35":1.0188,"36":0.98,"37":1.015,"38":1.0037,"39":0.9898,"40":0.976051,"41":0.9665,"42":0.9311,"43":0.9699,"44":0.945,"45":0.9516,"46":0.945,"47":0.93,"48":0.94,"49":0.8574,"50":0.8388,"51":0.8031,"52":0.79,"53":0.84,"54":0.81495,"55":0.78,"56":0.7635,"57":0.77,"58":0.752,"59":0.75,"60":0.72,"61":0.76,"62":0.727,"63":0.7073,"64":0.79,"65":0.8,"66":0.7507,"67":0.8,"68":0.81,"69":0.8185,"70":0.82,"71":0.8175,"72":0.8196},"h":{"0":1.12,"1":1.1801,"2":1.17,"3":1.2,"4":1.1,"5":1.1,"6":1.04,"7":1.05,"8":1.03,"9":1.05,"10":1.0802,"11":1.07,"12":1.04,"13":1.0354,"14":1.04,"15":1.04,"16":1.05,"17":1.01,"18":0.9982,"19":1.01,"20":0.9801,"21":0.9804,"22":0.99,"23":0.98,"24":1.01,"25":0.94,"26":0.9351,"27":0.952,"28":0.93,"29":0.9563,"30":0.95,"31":0.96,"32":1.05,"33":1.02,"34":1.02,"35":1.0683,"36":1.03,"37":1.03,"38":1.03,"39":1.02,"40":0.99,"41":0.9665,"42":0.9824,"43":1.02,"44":0.98,"45":0.994899,"46":0.945,"47":0.97,"48":0.9469,"49":0.92,"50":0.8625,"51":0.8387,"52":0.822,"53":0.84,"54":0.84,"55":0.8179,"56":0.84,"57":0.798,"58":0.778,"59":0.7629,"60":0.764,"61":0.7608,"62":0.7399,"63":0.73,"64":0.79,"65":0.8,"66":0.79,"67":0.8,"68":0.844599,"69":0.8196,"70":0.82,"71":0.8249,"72":0.8196},"l":{"0":1.12,"1":1.11,"2":1.13,"3":1.09,"4":1.1,"5":1.01,"6":0.99,"7":1.05,"8":0.9803,"9":1.01,"10":1.04,"11":0.9906,"12":1.04,"13":1.0,"14":1.01,"15":1.03,"16":0.98,"17":0.96,"18":0.9801,"19":0.95,"20":0.9556,"21":0.9212,"22":0.9217,"23":0.98,"24":0.9,"25":0.9101,"26":0.92,"27":0.903128,"28":0.9,"29":0.9034,"30":0.92,"31":0.9,"32":0.915,"33":1.0,"34":1.02,"35":0.98,"36":0.98,"37":0.99,"38":0.995,"39":0.98,"40":0.96,"41":0.95,"42":0.8903,"43":0.9201,"44":0.93,"45":0.9407,"46":0.945,"47":0.9101,"48":0.913,"49":0.8574,"50":0.8035,"51":0.8005,"52":0.7817,"53":0.828,"54":0.7915,"55":0.78,"56":0.7611,"57":0.75,"58":0.7501,"59":0.7217,"60":0.71,"61":0.72,"62":0.71,"63":0.696,"64":0.695,"65":0.759,"66":0.7448,"67":0.7544,"68":0.77,"69":0.8101,"70":0.82,"71":0.8,"72":0.8196},"t":{"0":1660769100000,"1":1660817700000,"2":1660842000000,"3":1660914900000,"4":1660939200000,"5":1661157900000,"6":1661182200000,"7":1661206500000,"8":1661255100000,"9":1661279400000,"10":1661328000000,"11":1661352300000,"12":1661376600000,"13":1661425200000,"14":1661449500000,"15":1661498100000,"16":1661522400000,"17":1661765400000,"18":1661789700000,"19":1661862600000,"20":1661886900000,"21":1661935500000,"22":1661959800000,"23":1661984100000,"24":1662032700000,"25":1662057000000,"26":1662105600000,"27":1662129900000,"28":1662154200000,"29":1662470100000,"30":1662494400000,"31":1662543000000,"32":1662567300000,"33":1662591600000,"34":1662615900000,"35":1662640200000,"36":1662664500000,"37":1662713100000,"38":1662737400000,"39":1662980400000,"40":1663004700000,"41":1663053300000,"42":1663077600000,"43":1663150500000,"44":1663174800000,"45":1663247700000,"46":1663272000000,"47":1663320600000,"48":1663344900000,"49":1663587900000,"50":1663612200000,"51":1663660800000,"52":1663685100000,"53":1663709400000,"54":1663758000000,"55":1663782300000,"56":1663830900000,"57":1663855200000,"58":1663928100000,"59":1663952400000,"60":1664195400000,"61":1664219700000,"62":1664268300000,"63":1664292600000,"64":1664365500000,"65":1664389800000,"66":1664438400000,"67":1664462700000,"68":1664535600000,"69":1664559900000,"70":1664778600000,"71":1664802900000,"72":1664827200000},"n":{"0":10,"1":499,"2":623,"3":1125,"4":2,"5":264,"6":448,"7":2,"8":598,"9":169,"10":155,"11":723,"12":2,"13":364,"14":322,"15":4,"16":416,"17":102,"18":139,"19":199,"20":126,"21":97,"22":237,"23":3,"24":310,"25":123,"26":11,"27":131,"28":6,"29":426,"30":6,"31":36,"32":501,"33":3,"34":1,"35":507,"36":119,"37":129,"38":285,"39":161,"40":266,"41":3,"42":282,"43":56,"44":298,"45":222,"46":1,"47":143,"48":186,"49":424,"50":584,"51":164,"52":371,"53":6,"54":110,"55":160,"56":36,"57":393,"58":73,"59":304,"60":215,"61":37,"62":42,"63":344,"64":336,"65":137,"66":77,"67":317,"68":164,"69":84,"70":1,"71":207,"72":1}}