{"v":{"0":569675.0,"1":209883.0,"2":238788.0,"3":425171.0,"4":197253.0,"5":305159.0,"6":53305.0,"7":232842.0,"8":215082.0,"9":3089.0,"10":78779.0,"11":162346.0,"12":11928.0,"13":221235.0,"14":100.0,"15":224099.0,"16":377.0,"17":211771.0,"18":238960.0,"19":920234.0,"20":500349.0,"21":100.0,"22":543272.0},"vw":{"0":2.2693,"1":2.2984,"2":2.3051,"3":2.2024,"4":2.2173,"5":2.2079,"6":2.0938,"7":2.1532,"8":2.0849,"9":2.1001,"10":2.1703,"11":2.1314,"12":2.1554,"13":2.0607,"14":2.11,"15":2.3014,"16":2.39,"17":2.1834,"18":2.3095,"19":2.8216,"20":2.7708,"21":2.71,"22":2.4921},"o":{"0":2.6,"1":2.245,"2":2.25,"3":2.36,"4":2.11,"5":2.215,"6":2.13,"7":2.085,"8":2.15,"9":2.1,"10":2.08,"11":2.12,"12":2.17,"13":2.11,"14":2.11,"15":2.19,"16":2.39,"17":2.3,"18":2.26,"19":2.4,"20":2.93,"21":2.71,"22":2.75},"c":{"0":2.245,"1":2.52,"2":2.36,"3":2.19,"4":2.22,"5":2.2098,"6":2.085,"7":2.15,"8":2.11,"9":2.1,"10":2.11,"11":2.15,"12":2.1604,"13":2.1696,"14":2.11,"15":2.385,"16":2.39,"17":2.26,"18":2.41,"19":2.93,"20":2.7,"21":2.71,"22":2.52},"h":{"0":2.6,"1":2.52,"2":2.47,"3":2.36,"4":2.32,"5":2.27,"6":2.18,"7":2.21,"8":2.15,"9":2.1003,"10":2.25,"11":2.17,"12":2.2,"13":2.18,"14":2.11,"15":2.4,"16":2.39,"17":2.38,"18":2.42,"19":3.14,"20":3.02,"21":2.71,"22":2.75},"l":{"0":2.15,"1":2.2401,"2":2.22,"3":2.045,"4":2.11,"5":2.16,"6":2.04,"7":2.075,"8":2.0,"9":2.1,"10":2.08,"11":2.04,"12":2.1,"13":1.91,"14":2.11,"15":2.19,"16":2.39,"17":2.14,"18":2.24,"19":2.4,"20":2.54,"21":2.71,"22":2.315},"t":{"0":1663585200000,"1":1663612200000,"2":1663666200000,"3":1663693200000,"4":1663747200000,"5":1663774200000,"6":1663828200000,"7":1663855200000,"8":1663936200000,"9":1663963200000,"10":1664179200000,"11":1664206200000,"12":1664260200000,"13":1664287200000,"14":1664314200000,"15":1664368200000,"16":1664395200000,"17":1664449200000,"18":1664476200000,"19":1664530200000,"20":1664557200000,"21":1664773200000,"22":1664800200000},"n":{"0":8054,"1":3198,"2":3699,"3":5209,"4":2081,"5":3424,"6":236,"7":2966,"8":2660,"9":4,"10":724,"11":1850,"12":174,"13":2707,"14":1,"15":2964,"16":1,"17":2240,"18":1806,"19":5853,"20":4148,"21":1,"22":5803},"sma_20":{"0":3.19775,"1":3.13725,"2":3.07575,"3":2.98025,"4":2.91075,"5":2.83574,"6":2.75599,"7":2.70549,"8":2.64549,"9":2.58899,"10":2.53249,"11":2.46949,"12":2.39901,"13":2.35349,"14":2.32124,"15":2.29999,"16":2.28749,"17":2.26349,"18":2.24924,"19":2.26324,"20":2.28599,"21":2.29549,"22":2.30349},"sma_50":{"0":3.4417,"1":3.4179,"2":3.3923,"3":3.3693,"4":3.3463,"5":3.323596,"6":3.293596,"7":3.263996,"8":3.239196,"9":3.210296,"10":3.181696,"11":3.153096,"12":3.123704,"13":3.094296,"14":3.060096,"15":3.041596,"16":3.021196,"17":2.994396,"18":2.965596,"19":2.946996,"20":2.926696,"21":2.904496,"22":2.880096},"sma_100":{"0":2.9857,"1":2.9936,"2":2.9999,"3":3.00275,"4":3.00625,"5":3.009248,"6":3.010998,"7":3.013198,"8":3.015198,"9":3.015498,"10":3.015898,"11":3.015198,"12":3.015302,"13":3.015498,"14":3.014598,"15":3.015248,"16":3.015748,"17":3.015198,"18":3.016198,"19":3.022098,"20":3.023598,"21":3.024298,"22":3.021898},"rsi":{"0":30.4993962603,"1":37.9535841046,"2":35.5636287118,"3":33.1733940988,"4":34.0162023672,"5":33.8598415594,"6":31.9261477989,"7":34.0390204678,"8":33.3529657217,"9":33.1729582166,"10":33.5591261207,"11":35.1728366457,"12":35.6107234646,"13":36.0224149341,"14":34.4841845039,"15":45.9524056696,"16":46.1370186741,"17":42.1096144713,"18":47.7744970552,"19":61.7487092437,"20":54.7682678685,"21":55.0064243228,"22":49.6566569353},"upper_bb":{"0":4.1665228266,"1":4.1171343917,"2":4.0897897324,"3":3.9467819174,"4":3.8864725393,"5":3.7829979916,"6":3.6720224561,"7":3.6389378519,"8":3.5695507451,"9":3.5006722667,"10":3.4138530637,"11":3.2624456751,"12":3.0097497754,"13":2.8804884037,"14":2.8231270932,"15":2.7478218195,"16":2.7085159044,"17":2.6266540946,"18":2.5596461204,"19":2.6623383016,"20":2.7300508678,"21":2.7678572875,"22":2.7857728954},"lower_bb":{"0":2.2289771734,"1":2.1573656083,"2":2.0617102676,"3":2.0137180826,"4":1.9350274607,"5":1.8884820084,"6":1.8399575439,"7":1.7720421481,"8":1.7214292549,"9":1.6773077333,"10":1.6511269363,"11":1.6765343249,"12":1.7882702246,"13":1.8264915963,"14":1.8193529068,"15":1.8521581805,"16":1.8664640956,"17":1.9003259054,"18":1.9388338796,"19":1.8641416984,"20":1.8419291322,"21":1.8231227125,"22":1.8212071046},"e26":{"0":3.127657645,"1":3.0826459675,"2":3.0291166366,"3":2.9669598487,"4":2.9116294896,"5":2.85964212,"6":2.8022612222,"7":2.7539455761,"8":2.7062459038,"9":2.6613387998,"10":2.6204988887,"11":2.5856471192,"12":2.5541473326,"13":2.525662345,"14":2.4948725416,"15":2.4867338349,"16":2.4795683656,"17":2.4633040422,"18":2.4593555947,"19":2.4942181432,"20":2.5094612437,"21":2.5243159664,"22":2.5239962652},"e12":{"0":2.8553795753,"1":2.8037827175,"2":2.7355084533,"3":2.6515840759,"4":2.5851865257,"5":2.5274347525,"6":2.4593678675,"7":2.411772811,"8":2.3653462247,"9":2.3245237286,"10":2.291520078,"11":2.2697477583,"12":2.2529250263,"13":2.2401057915,"14":2.2200895159,"15":2.2454603596,"16":2.2676972273,"17":2.2665130385,"18":2.2885879557,"19":2.3872667317,"20":2.4353795422,"21":2.4776288434,"22":2.4841474829},"MACD":{"0":-0.2722780697,"1":-0.27886325,"2":-0.2936081833,"3":-0.3153757728,"4":-0.3264429638,"5":-0.3322073674,"6":-0.3428933546,"7":-0.3421727651,"8":-0.3408996791,"9":-0.3368150712,"10":-0.3289788107,"11":-0.3158993608,"12":-0.3012223063,"13":-0.2855565535,"14":-0.2747830258,"15":-0.2412734753,"16":-0.2118711383,"17":-0.1967910037,"18":-0.170767639,"19":-0.1069514115,"20":-0.0740817015,"21":-0.046687123,"22":-0.0398487823},"e9":{"0":-0.1735849576,"1":-0.1946406161,"2":-0.2144341296,"3":-0.2346224582,"4":-0.2529865593,"5":-0.2688307209,"6":-0.2836432477,"7":-0.2953491512,"8":-0.3044592568,"9":-0.3109304197,"10":-0.3145400979,"11":-0.3148119505,"12":-0.3120940216,"13":-0.306786528,"14":-0.3003858276,"15":-0.2885633571,"16":-0.2732249133,"17":-0.2579381314,"18":-0.2405040329,"19":-0.2137935086,"20":-0.1858511472,"21":-0.1580183424,"22":-0.1343844303},"HIST":{"0":-0.098693112,"1":-0.0842226339,"2":-0.0791740538,"3":-0.0807533146,"4":-0.0734564045,"5":-0.0633766465,"6":-0.059250107,"7":-0.0468236139,"8":-0.0364404223,"9":-0.0258846516,"10":-0.0144387128,"11":-0.0010874104,"12":0.0108717153,"13":0.0212299745,"14":0.0256028018,"15":0.0472898818,"16":0.0613537751,"17":0.0611471277,"18":0.0697363939,"19":0.1068420972,"20":0.1117694457,"21":0.1113312194,"22":0.0945356481}}