{"v":{"0":958.35,"1":3511.65,"2":97670.9,"3":1856.65,"4":139.55,"5":110479.65,"6":19280.6,"7":179.2,"8":58248.1,"9":24591.8,"10":26030.65,"11":46511.1,"12":40.85,"13":445.15,"14":54758.0,"15":17956.55,"16":608.3,"17":65737.55,"18":39267.15,"19":44385.2,"20":32793.05,"21":79.1,"22":16282.55,"23":81469.5500000001,"24":1020.75,"25":4127.8,"26":84123.6999999999,"27":895.75,"28":45846.8,"29":51612.55,"30":419.0,"31":40565.6,"32":123060.05,"33":493.25,"34":4797.4,"35":70380.75,"36":972.55,"37":1313.8,"38":48968.8,"39":11442.45,"40":184.85,"41":39678.55,"42":14150.15,"43":2918.2,"44":90515.7499999999,"45":898.05,"46":229.5},"vw":{"0":1630.9974,"1":1678.4348,"2":1651.5226,"3":1641.7529,"4":1652.5372,"5":1783.4718,"6":1792.3804,"7":1784.9818,"8":1686.2206,"9":1619.109,"10":1663.48,"11":1747.9844,"12":1744.3059,"13":1811.1229,"14":1833.8407,"15":1882.2793,"16":1968.2614,"17":2124.4178,"18":2041.1152,"19":2264.1549,"20":2299.9628,"21":2281.182,"22":2264.1481,"23":2389.9273,"24":2540.5538,"25":2535.6747,"26":2223.0221,"27":2086.9412,"28":1864.9598,"29":1647.499,"30":1612.9322,"31":1471.3983,"32":1673.4582,"33":1719.008,"34":1816.9467,"35":1848.3956,"36":1855.5266,"37":1727.8542,"38":1844.3881,"39":1877.3131,"40":1936.7227,"41":1858.8624,"42":1865.3771,"43":1933.0176,"44":2012.7924,"45":2046.3073,"46":2099.1582},"o":{"0":1622.4,"1":1640.0,"2":1671.8,"3":1610.8,"4":1666.2,"5":1675.4,"6":1790.8,"7":1780.0,"8":1790.0,"9":1676.2,"10":1559.8,"11":1669.6,"12":1745.6,"13":1800.0,"14":1769.0,"15":1847.6,"16":1920.4,"17":1977.6,"18":2108.8,"19":2060.0,"20":2231.8,"21":2274.8,"22":2355.0,"23":2235.2,"24":2520.0,"25":2444.2,"26":2510.0,"27":2107.6,"28":2142.0,"29":1742.1,"30":1627.2,"31":1601.2,"32":1564.6,"33":1696.0,"34":1783.2,"35":1820.0,"36":1869.0,"37":1768.0,"38":1734.2,"39":1898.4,"40":1935.4,"41":1924.8,"42":1873.438,"43":1940.0,"44":1967.6,"45":2050.2,"46":2093.6},"c":{"0":1650.4,"1":1666.2,"2":1606.0,"3":1623.8,"4":1660.8,"5":1794.0,"6":1800.0,"7":1777.6,"8":1676.8,"9":1600.4,"10":1674.2,"11":1746.2,"12":1750.0,"13":1769.4,"14":1847.4,"15":1902.0,"16":1977.6,"17":2107.0,"18":2030.0,"19":2224.4,"20":2280.0,"21":2281.6,"22":2226.264,"23":2522.8,"24":2552.0,"25":2466.0,"26":2102.0,"27":2076.0,"28":1741.8,"29":1627.6,"30":1604.6,"31":1569.544,"32":1700.0,"33":1726.2,"34":1843.0,"35":1867.8,"36":1851.2,"37":1740.0,"38":1902.6,"39":1873.0,"40":1930.0,"41":1872.7,"42":1846.4,"43":1978.0,"44":2020.8,"45":2088.8,"46":2142.6},"h":{"0":1660.0,"1":1715.6,"2":1700.0,"3":1663.0,"4":1666.2,"5":1876.2,"6":1833.8,"7":1800.0,"8":1800.0,"9":1680.0,"10":1709.4,"11":1789.212,"12":1750.0,"13":1835.2,"14":1873.15,"15":1905.36,"16":1979.8,"17":2183.4,"18":2122.2,"19":2337.8,"20":2334.598,"21":2287.0,"22":2392.0,"23":2578.6,"24":2557.4,"25":2623.0,"26":2510.0,"27":2114.6,"28":2222.0,"29":1788.6,"30":1627.2,"31":1601.4,"32":1766.0,"33":1730.0,"34":1865.2,"35":1888.9,"36":1870.2,"37":1768.0,"38":1926.998,"39":1899.0,"40":1944.6,"41":1990.0,"42":1889.4,"43":1978.0,"44":2117.0,"45":2091.6,"46":2142.6},"l":{"0":1617.2,"1":1624.0,"2":1542.4,"3":1609.2,"4":1632.2,"5":1648.4,"6":1768.6,"7":1776.8,"8":1622.4,"9":1577.82,"10":1550.0,"11":1660.002,"12":1740.6,"13":1769.4,"14":1739.8,"15":1847.6,"16":1920.4,"17":1971.6,"18":1986.8,"19":2048.8,"20":2228.75,"21":2274.8,"22":2210.0,"23":2136.202,"24":2510.2,"25":2435.8,"26":2052.81,"27":2060.0,"28":1725.2,"29":1543.0,"30":1600.0,"31":1321.6,"32":1540.0,"33":1696.0,"34":1750.8,"35":1786.2,"36":1842.0,"37":1676.0,"38":1680.0,"39":1843.8,"40":1930.0,"41":1793.2,"42":1826.4,"43":1895.6,"44":1869.002,"45":2000.4,"46":2045.0},"t":{"0":1650922200000,"1":1650949200000,"2":1650976200000,"3":1651003200000,"4":1651030200000,"5":1651057200000,"6":1651084200000,"7":1651111200000,"8":1651138200000,"9":1651165200000,"10":1651219200000,"11":1651246200000,"12":1651273200000,"13":1651462200000,"14":1651489200000,"15":1651516200000,"16":1651543200000,"17":1651570200000,"18":1651597200000,"19":1651651200000,"20":1651678200000,"21":1651705200000,"22":1651732200000,"23":1651759200000,"24":1651786200000,"25":1651813200000,"26":1651840200000,"27":1651867200000,"28":1652083200000,"29":1652110200000,"30":1652137200000,"31":1652164200000,"32":1652191200000,"33":1652218200000,"34":1652245200000,"35":1652272200000,"36":1652299200000,"37":1652326200000,"38":1652353200000,"39":1652380200000,"40":1652407200000,"41":1652434200000,"42":1652461200000,"43":1652677200000,"44":1652704200000,"45":1652731200000,"46":1652758200000},"n":{"0":72,"1":694,"2":16011,"3":254,"4":34,"5":18867,"6":2893,"7":34,"8":10066,"9":5045,"10":4311,"11":7679,"12":12,"13":95,"14":9247,"15":3464,"16":92,"17":12439,"18":6930,"19":8659,"20":6229,"21":15,"22":3479,"23":16513,"24":97,"25":1172,"26":16759,"27":212,"28":9357,"29":10776,"30":89,"31":6943,"32":18336,"33":65,"34":1168,"35":12261,"36":147,"37":308,"38":8508,"39":1798,"40":55,"41":7978,"42":2794,"43":520,"44":14382,"45":139,"46":63}}