{"v":{"0":798.25,"1":19243.05,"2":349.3,"3":5913.9,"4":14573.9,"5":11878.0,"6":9872.35,"7":7576.05,"8":5470.85,"9":643.7,"10":12760.4,"11":4695.9,"12":14978.7,"13":5382.05,"14":10306.45,"15":12007.0,"16":5684.75,"17":5.0,"18":14054.05,"19":4541.6,"20":7377.0,"21":25884.3,"22":12814.35,"23":9152.05,"24":25.2,"25":16015.3,"26":5519.0,"27":180.5,"28":16834.25,"29":1642.95,"30":479.6,"31":19632.2,"32":263.45,"33":25.0,"34":11421.15,"35":14943.85,"36":240.35,"37":22400.05,"38":10192.4,"39":1457528.5500000003,"40":5920878.7999999989,"41":57158.0,"42":103179.25,"43":458340.2999999999,"44":1665.05,"45":48854.6,"46":161905.9000000002,"47":773.6,"48":281674.2499999999,"49":596167.1499999998},"vw":{"0":16.6344,"1":16.5969,"2":16.2838,"3":15.9146,"4":15.902,"5":15.2631,"6":15.5148,"7":15.8085,"8":15.899,"9":16.0779,"10":16.2203,"11":15.9475,"12":16.5422,"13":16.3908,"14":16.5198,"15":16.6088,"16":16.6329,"17":16.798,"18":16.4027,"19":15.9467,"20":15.5159,"21":15.0411,"22":14.4931,"23":14.2239,"24":14.6,"25":14.3116,"26":14.1938,"27":14.0601,"28":13.7682,"29":13.8603,"30":14.1498,"31":13.7722,"32":13.6835,"33":13.902,"34":14.2076,"35":14.5539,"36":15.2342,"37":15.0652,"38":14.4423,"39":30.2888,"40":29.1695,"41":24.0832,"42":22.1094,"43":24.3906,"44":25.3527,"45":25.0709,"46":26.2421,"47":26.2089,"48":33.5835,"49":28.078},"o":{"0":18.2,"1":16.402,"2":16.2,"3":16.02,"4":16.196,"5":16.2,"6":15.074,"7":15.4,"8":15.738,"9":16.2,"10":16.0,"11":16.2,"12":16.202,"13":16.6,"14":16.79,"15":17.4,"16":16.5517,"17":16.798,"18":16.4,"19":15.8,"20":15.4,"21":15.3,"22":15.146,"23":14.32,"24":14.6,"25":14.6,"26":14.194,"27":14.2,"28":14.2,"29":13.748,"30":14.2,"31":14.0,"32":13.544,"33":13.902,"34":14.0,"35":14.51,"36":15.184,"37":14.798,"38":14.602,"39":13.4,"40":33.4,"41":24.6,"42":25.4,"43":23.4,"44":25.4,"45":25.0,"46":25.628,"47":26.6,"48":25.4,"49":30.6},"c":{"0":16.3,"1":16.6,"2":16.22,"3":16.0,"4":16.2,"5":15.196,"6":16.0,"7":15.68,"8":16.0,"9":16.0,"10":16.2,"11":16.028,"12":16.4,"13":16.546,"14":16.6,"15":16.504,"16":16.8,"17":16.798,"18":16.0,"19":16.008,"20":15.2,"21":14.5,"22":14.2,"23":14.4,"24":14.6,"25":14.1,"26":14.2,"27":14.2,"28":13.716,"29":14.0,"30":13.802,"31":14.2,"32":14.2,"33":13.902,"34":14.551,"35":14.8,"36":15.4,"37":14.48,"38":14.5,"39":33.4,"40":24.8,"41":23.6,"42":23.6,"43":25.0,"44":25.6,"45":25.6,"46":26.6,"47":26.2,"48":30.6,"49":28.0},"h":{"0":18.2,"1":16.998,"2":16.8,"3":17.598,"4":16.364,"5":16.2,"6":16.194,"7":16.506,"8":16.2,"9":16.2,"10":16.746,"11":16.6,"12":17.0,"13":17.0,"14":16.798,"15":17.58,"16":17.2,"17":16.798,"18":17.198,"19":16.3,"20":16.402,"21":15.686,"22":15.392,"23":14.8,"24":14.6,"25":15.0,"26":14.598,"27":14.2,"28":14.6,"29":14.106,"30":14.6,"31":14.2,"32":14.2,"33":13.902,"34":14.69,"35":14.998,"36":15.754,"37":15.404,"38":14.902,"39":38.2,"40":34.3,"41":25.6,"42":25.6,"43":27.0,"44":25.6,"45":26.0,"46":27.4,"47":26.6,"48":39.4,"49":31.6},"l":{"0":16.2,"1":16.042,"2":16.2,"3":15.6,"4":15.68,"5":15.0,"6":15.04,"7":15.4,"8":15.6,"9":15.6,"10":15.68,"11":15.7,"12":16.2,"13":16.0,"14":16.2,"15":16.042,"16":16.044,"17":16.798,"18":15.804,"19":15.622,"20":15.2,"21":14.426,"22":14.02,"23":14.02,"24":14.6,"25":14.008,"26":14.02,"27":14.0,"28":13.402,"29":13.748,"30":13.802,"31":13.4,"32":13.504,"33":13.902,"34":13.8,"35":14.04,"36":14.62,"37":14.44,"38":14.002,"39":13.4,"40":22.6,"41":23.4,"42":20.8,"43":21.6,"44":24.4,"45":22.8,"46":24.6,"47":25.6,"48":25.4,"49":25.8},"t":{"0":1657598400000,"1":1657629000000,"2":1657659600000,"3":1657690200000,"4":1657720800000,"5":1657782000000,"6":1657812600000,"7":1657873800000,"8":1657904400000,"9":1658118600000,"10":1658149200000,"11":1658210400000,"12":1658241000000,"13":1658302200000,"14":1658332800000,"15":1658394000000,"16":1658424600000,"17":1658455200000,"18":1658485800000,"19":1658516400000,"20":1658730600000,"21":1658761200000,"22":1658822400000,"23":1658853000000,"24":1658883600000,"25":1658914200000,"26":1658944800000,"27":1658975400000,"28":1659006000000,"29":1659036600000,"30":1659067200000,"31":1659097800000,"32":1659128400000,"33":1659312000000,"34":1659342600000,"35":1659373200000,"36":1659403800000,"37":1659434400000,"38":1659465000000,"39":1659495600000,"40":1659526200000,"41":1659556800000,"42":1659587400000,"43":1659618000000,"44":1659648600000,"45":1659679200000,"46":1659709800000,"47":1659740400000,"48":1659924000000,"49":1659954600000},"n":{"0":79,"1":1376,"2":5,"3":257,"4":1123,"5":636,"6":930,"7":380,"8":430,"9":30,"10":983,"11":146,"12":1378,"13":346,"14":643,"15":664,"16":525,"17":1,"18":631,"19":293,"20":364,"21":1499,"22":727,"23":680,"24":4,"25":757,"26":542,"27":7,"28":1459,"29":210,"30":30,"31":1311,"32":15,"33":1,"34":749,"35":1211,"36":25,"37":1252,"38":837,"39":84123,"40":273350,"41":2804,"42":9695,"43":26114,"44":137,"45":3864,"46":8947,"47":13,"48":29658,"49":34797}}