{"v":{"0":14461.6,"1":259159.45,"2":15065.6,"3":71563.7,"4":201129.3500000002,"5":214.9,"6":148045.85,"7":102414.8,"8":20391.05,"9":137596.3,"10":72491.6,"11":13896.0,"12":229340.4499999999,"13":92733.2,"14":20721.6,"15":291618.1499999997,"16":7334.75,"17":66402.65,"18":156033.5999999999,"19":1169.05,"20":105569.0500000001,"21":63034.25,"22":67564.3,"23":226935.1,"24":661.65,"25":147886.1},"vw":{"0":11.2084,"1":10.655,"2":11.5009,"3":11.1772,"4":11.0125,"5":11.0869,"6":10.5225,"7":10.2772,"8":11.0151,"9":10.7585,"10":10.7815,"11":11.0831,"12":10.902,"13":11.4026,"14":11.5921,"15":11.5138,"16":11.6135,"17":11.3233,"18":10.9419,"19":11.0054,"20":10.9973,"21":10.9834,"22":10.6505,"23":10.0437,"24":10.172,"25":9.7675},"o":{"0":11.2,"1":11.098,"2":11.22,"3":12.0,"4":10.852,"5":11.3,"6":11.4,"7":10.473,"8":10.7,"9":10.8,"10":10.958,"11":11.0,"12":11.328,"13":10.91,"14":11.6,"15":11.6,"16":11.398,"17":11.6,"18":11.222,"19":11.12,"20":11.2,"21":10.956,"22":11.0,"23":10.402,"24":10.16,"25":10.066},"c":{"0":11.076,"1":11.864,"2":11.78,"3":10.806,"4":11.012,"5":11.18,"6":10.542,"7":10.2,"8":10.8,"9":10.8,"10":10.8,"11":11.328,"12":10.91,"13":11.6,"14":11.6,"15":11.34,"16":11.88,"17":11.22,"18":11.12,"19":11.12,"20":10.958,"21":10.98,"22":10.436,"23":10.16,"24":10.054,"25":9.444},"h":{"0":12.0,"1":12.0,"2":11.8,"3":12.6,"4":11.4,"5":11.3,"6":11.8,"7":10.51,"8":11.6,"9":11.398,"10":11.0,"11":11.6,"12":12.2,"13":11.884,"14":12.378,"15":12.0,"16":12.0,"17":11.8,"18":11.222,"19":11.12,"20":11.4,"21":11.2,"22":11.2,"23":10.436,"24":10.296,"25":10.4},"l":{"0":10.8,"1":10.212,"2":11.2,"3":10.8,"4":10.646,"5":11.012,"6":9.996,"7":10.0,"8":10.4,"9":10.2,"10":10.52,"11":10.652,"12":10.46,"13":10.898,"14":11.2,"15":11.2,"16":11.21,"17":11.0,"18":10.8,"19":10.98,"20":10.8,"21":10.8,"22":10.4,"23":9.8,"24":9.852,"25":9.4},"t":{"0":1656385200000,"1":1656416700000,"2":1656448200000,"3":1656479700000,"4":1656511200000,"5":1656542700000,"6":1656574200000,"7":1656605700000,"8":1656637200000,"9":1656668700000,"10":1656700200000,"11":1656983700000,"12":1657015200000,"13":1657046700000,"14":1657078200000,"15":1657109700000,"16":1657141200000,"17":1657172700000,"18":1657204200000,"19":1657235700000,"20":1657267200000,"21":1657298700000,"22":1657519200000,"23":1657550700000,"24":1657582200000,"25":1657613700000},"n":{"0":1148,"1":11968,"2":266,"3":2516,"4":8718,"5":7,"6":6207,"7":4952,"8":1310,"9":6531,"10":3030,"11":878,"12":11783,"13":4732,"14":1154,"15":9134,"16":84,"17":2302,"18":8780,"19":6,"20":4609,"21":2366,"22":3174,"23":7180,"24":64,"25":7443}}