{"v":{"0":195829.8,"1":70.0,"2":365140.4000000001,"3":139656.2,"4":84914.3,"5":422352.7000000002,"6":967.0,"7":319646.7999999998,"8":156383.2,"9":5728.4,"10":424251.6,"11":359.9,"12":406731.2000000002,"13":351199.7999999999,"14":1353.0,"15":696992.4000000003,"16":1102.2,"17":324298.6999999999},"vw":{"0":16.3196,"1":17.0571,"2":15.9433,"3":15.5974,"4":15.0687,"5":14.9923,"6":14.8729,"7":14.8011,"8":14.8544,"9":15.2277,"10":15.3791,"11":15.388,"12":16.3019,"13":17.1866,"14":17.2883,"15":17.158,"16":17.2473,"17":16.8726},"o":{"0":15.7,"1":17.1,"2":16.8,"3":15.585,"4":15.7,"5":14.75,"6":14.8,"7":15.1,"8":14.8,"9":15.7,"10":15.199,"11":15.398,"12":15.1,"13":16.985,"14":16.6,"15":17.2,"16":17.1,"17":17.3},"c":{"0":16.6,"1":16.9,"2":15.6,"3":15.8,"4":14.7,"5":14.9,"6":15.3,"7":14.775,"8":15.0,"9":15.2,"10":15.1,"11":15.4,"12":16.95,"13":17.4,"14":17.201,"15":17.1,"16":17.2,"17":16.099},"h":{"0":17.0,"1":17.1,"2":16.9,"3":16.0,"4":15.7,"5":15.4,"6":15.3,"7":15.2,"8":15.1,"9":16.3,"10":15.8,"11":15.4,"12":17.0,"13":17.5,"14":17.5,"15":17.6,"16":17.5,"17":17.699},"l":{"0":15.65,"1":16.9,"2":15.5,"3":15.5,"4":14.7,"5":14.6,"6":14.8,"7":14.5,"8":14.5,"9":14.8,"10":14.65,"11":15.0,"12":14.8,"13":16.8,"14":16.6,"15":16.7,"16":16.9,"17":16.0},"t":{"0":1653067800000,"1":1653267600000,"2":1653300900000,"3":1653334200000,"4":1653367500000,"5":1653400800000,"6":1653434100000,"7":1653467400000,"8":1653500700000,"9":1653534000000,"10":1653567300000,"11":1653600600000,"12":1653633900000,"13":1653667200000,"14":1653966900000,"15":1654000200000,"16":1654033500000,"17":1654066800000},"n":{"0":4769,"1":4,"2":9596,"3":2092,"4":1990,"5":12600,"6":19,"7":7692,"8":4475,"9":125,"10":11711,"11":10,"12":8069,"13":8021,"14":73,"15":16948,"16":30,"17":6932}}