{"v":{"0":3856,"1":8381,"2":16357,"3":443,"4":2992,"5":20751,"6":10185,"7":10792,"8":30822,"9":1361,"10":41763,"11":13655,"12":13892,"13":24742,"14":11567,"15":13585,"16":15557,"17":12182},"vw":{"0":41.4329,"1":41.5994,"2":42.3049,"3":41.59,"4":40.7975,"5":40.7354,"6":39.393,"7":39.747,"8":40.2464,"9":40.3535,"10":40.0726,"11":40.2232,"12":40.9397,"13":39.9611,"14":40.44,"15":40.1587,"16":41.214,"17":41.7945},"o":{"0":42.0,"1":41.25,"2":42.24,"3":41.59,"4":41.19,"5":40.52,"6":40.04,"7":39.46,"8":39.98,"9":40.55,"10":40.59,"11":40.09,"12":40.7,"13":40.57,"14":39.93,"15":40.55,"16":40.18,"17":41.77},"c":{"0":41.54,"1":41.88,"2":41.66,"3":41.59,"4":40.55,"5":40.78,"6":39.53,"7":39.87,"8":40.21,"9":40.53,"10":40.03,"11":40.62,"12":40.93,"13":40.08,"14":40.45,"15":39.67,"16":41.83,"17":41.71},"h":{"0":42.0,"1":41.96,"2":43.01,"3":41.59,"4":41.33,"5":41.18,"6":40.04,"7":39.91,"8":40.57,"9":40.79,"10":40.62,"11":40.8,"12":41.17,"13":40.57,"14":40.76,"15":40.71,"16":41.94,"17":42.01},"l":{"0":41.27,"1":41.07,"2":41.59,"3":41.59,"4":40.3,"5":40.25,"6":38.89,"7":39.42,"8":39.75,"9":40.0,"10":39.91,"11":38.97,"12":40.7,"13":39.43,"14":39.92,"15":39.63,"16":40.11,"17":41.69},"t":{"0":1663657200000,"1":1663690500000,"2":1663757100000,"3":1663790400000,"4":1663823700000,"5":1663857000000,"6":1663923600000,"7":1663956900000,"8":1664190000000,"9":1664256600000,"10":1664289900000,"11":1664356500000,"12":1664389800000,"13":1664456400000,"14":1664523000000,"15":1664556300000,"16":1664789400000,"17":1664822700000},"n":{"0":101,"1":235,"2":333,"3":3,"4":43,"5":436,"6":246,"7":262,"8":640,"9":40,"10":686,"11":293,"12":236,"13":405,"14":134,"15":261,"16":314,"17":265},"sma_20":{"0":43.4675,"1":43.375,"2":43.2915,"3":43.2295,"4":43.1085,"5":42.9975,"6":42.7885,"7":42.59,"8":42.4125,"9":42.209,"10":41.951,"11":41.7175,"12":41.5625,"13":41.391,"14":41.223,"15":41.009,"16":40.92,"17":40.8855},"sma_50":{"0":45.72385,"1":45.61645,"2":45.48455,"3":45.34775,"4":45.17935,"5":45.03455,"6":44.84905,"7":44.65465,"8":44.46625,"9":44.27185,"10":44.07995,"11":43.90795,"12":43.7498,"13":43.5788,"14":43.416,"15":43.2587,"16":43.1515,"17":43.0569},"sma_100":{"0":44.930839,"1":44.918339,"2":44.911439,"3":44.914689,"4":44.903989,"5":44.897039,"6":44.860739,"7":44.820489,"8":44.783689,"9":44.771189,"10":44.745089,"11":44.731878,"12":44.720778,"13":44.690978,"14":44.668578,"15":44.638078,"16":44.631978,"17":44.629678},"rsi":{"0":30.7309860534,"1":34.326549241,"2":33.1282777529,"3":32.7366982092,"4":27.5301519801,"5":30.1750249802,"6":24.8639296039,"7":28.5478105843,"8":32.131340759,"9":35.4144593402,"10":32.7487276197,"11":38.6199650811,"12":41.5093788577,"13":36.4436044306,"14":39.8828671644,"15":35.5192428228,"16":51.3826397201,"17":50.6373092771},"upper_bb":{"0":45.4133227863,"1":45.4404908936,"2":45.4950595605,"3":45.5541819816,"4":45.7238093809,"5":45.8129825706,"6":45.9771395383,"7":45.9902848178,"8":45.9244218011,"9":45.6583318956,"10":45.2291695791,"11":44.6402807596,"12":44.2912774398,"13":44.0342189307,"14":43.6359396791,"15":43.1471339626,"16":42.7244156366,"17":42.5946392109},"lower_bb":{"0":41.5216772137,"1":41.3095091064,"2":41.0879404395,"3":40.9048180184,"4":40.4931906191,"5":40.1820174294,"6":39.5998604617,"7":39.1897151822,"8":38.9005781989,"9":38.7596681044,"10":38.6728304209,"11":38.7947192404,"12":38.8337225602,"13":38.7477810693,"14":38.8100603209,"15":38.8708660374,"16":39.1155843634,"17":39.1763607891},"e26":{"0":43.8845480773,"1":43.7360630345,"2":43.5822805875,"3":43.4347042477,"4":43.2210224515,"5":43.0402059736,"6":42.7801907163,"7":42.5646210336,"8":42.3902046607,"9":42.2524117229,"10":42.0877886323,"11":41.9790635484,"12":41.9013551374,"13":41.7664399421,"14":41.6689258723,"15":41.5208572891,"16":41.5437567492,"17":41.5560710641},"e12":{"0":43.0411905902,"1":42.862545884,"2":42.6775388249,"3":42.5102251596,"4":42.2086520581,"5":41.9888594338,"6":41.610573367,"7":41.342792849,"8":41.1685170261,"9":41.0702836375,"10":40.9102400009,"11":40.8655876931,"12":40.8754972788,"13":40.753113082,"14":40.7064803002,"15":40.5470217925,"16":40.7444030552,"17":40.8929564313},"MACD":{"0":-0.843357487,"1":-0.8735171505,"2":-0.9047417625,"3":-0.9244790881,"4":-1.0123703934,"5":-1.0513465398,"6":-1.1696173493,"7":-1.2218281846,"8":-1.2216876346,"9":-1.1821280854,"10":-1.1775486314,"11":-1.1134758553,"12":-1.0258578587,"13":-1.01332686,"14":-0.9624455721,"15":-0.9738354967,"16":-0.799353694,"17":-0.6631146328},"e9":{"0":-0.6985422968,"1":-0.7335372675,"2":-0.7677781665,"3":-0.7991183508,"4":-0.8417687594,"5":-0.8836843155,"6":-0.9408709222,"7":-0.9970623747,"8":-1.0419874267,"9":-1.0700155584,"10":-1.091522173,"11":-1.0959129095,"12":-1.0819018993,"13":-1.0681868915,"14":-1.0470386276,"15":-1.0323980014,"16":-0.9857891399,"17":-0.9212542385},"HIST":{"0":-0.1448151903,"1":-0.1399798829,"2":-0.136963596,"3":-0.1253607372,"4":-0.1706016341,"5":-0.1676622244,"6":-0.228746427,"7":-0.2247658099,"8":-0.179700208,"9":-0.112112527,"10":-0.0860264584,"11":-0.0175629459,"12":0.0560440407,"13":0.0548600314,"14":0.0845930555,"15":0.0585625047,"16":0.1864354459,"17":0.2581396057}}