{"v":{"0":2215.4286,"1":2607.8567,"2":1745.428,"3":1342.1428,"4":1155.7143,"5":2243.1427,"6":14.2857,"7":13112.1425,"8":22032.2855,"9":1754.4284,"10":756.4285,"11":23001.4286,"12":5391.4284,"13":3205.2854,"14":2940.5713,"15":347.8571,"16":6265.1424,"17":2904.1427,"18":2826.2854,"19":4954.1425,"20":100.0,"21":3282.8568,"22":6216.4279,"23":41062.1421,"24":7001.7143,"25":61.4286,"26":29768.7138,"27":32366.1425,"28":9960.7143,"29":5731.5711,"30":589.9999,"31":1602.8571,"32":7403.2854,"33":4044.5712,"34":2164.4284,"35":5140.1423,"36":14.2857,"37":1941.4286,"38":26776.9998,"39":3821.0001,"40":1437.1429,"41":39800.8574,"42":5087.5712,"43":4077.857,"44":9320.4287,"45":2909.7141,"46":9787.714,"47":12247.4286,"48":2222.5714,"49":4887.9998,"50":4418.1427,"51":7737.7142,"52":14154.5715,"53":13476.857,"54":1666.1427,"55":321.1429,"56":1306.2857,"57":2200.8569,"58":246.7143,"59":186.5715,"60":11598.7141,"61":2553.5715,"62":1120.1428,"63":421.4285,"64":5112.8569,"65":5192.5714,"66":443.1428,"67":7061.8568,"68":2330.5711,"69":2190.5713,"70":787.857,"71":6536.8571,"72":330.0,"73":1643.5714,"74":6319.1419,"75":2563.4285,"76":765.9999,"77":2424.1427,"78":2797.8571,"79":9141.5712,"80":275.4286,"81":4556.8569,"82":11240.5709,"83":3541.857,"84":5409.5714,"85":33.0,"86":3557.9999,"87":1504.2859,"88":2210.1428,"89":1546.4282,"90":1935.4282,"91":805062.1426000001,"92":269323.7135999998,"93":1992.8572,"94":93419.571,"95":18451.9997},"vw":{"0":11.6065,"1":12.1101,"2":12.2166,"3":12.1412,"4":11.9402,"5":11.8498,"6":11.9,"7":12.5784,"8":12.1979,"9":11.7465,"10":11.7713,"11":12.7834,"12":12.3945,"13":12.6043,"14":12.6484,"15":13.179,"16":12.1669,"17":12.0742,"18":11.8904,"19":12.0718,"20":12.39,"21":12.2001,"22":13.0384,"23":15.0639,"24":15.2255,"25":15.7998,"26":16.0335,"27":14.1766,"28":14.3945,"29":14.2304,"30":14.3702,"31":14.5668,"32":14.5948,"33":14.2079,"34":14.5803,"35":14.2041,"36":13.37,"37":14.0676,"38":14.5042,"39":14.2331,"40":14.2148,"41":14.2352,"42":13.8822,"43":14.0167,"44":13.5369,"45":13.0457,"46":12.8307,"47":12.8758,"48":12.9476,"49":12.9207,"50":13.3783,"51":12.6685,"52":13.1435,"53":13.4816,"54":13.1315,"55":12.8116,"56":13.0034,"57":12.7618,"58":12.6405,"59":12.9828,"60":12.7784,"61":12.1978,"62":11.9182,"63":12.3786,"64":12.1994,"65":12.4482,"66":12.5658,"67":12.5079,"68":12.5987,"69":12.5003,"70":12.5188,"71":12.2666,"72":12.3878,"73":12.1747,"74":11.8636,"75":11.9965,"76":11.6364,"77":11.34,"78":11.0385,"79":10.8768,"80":10.7137,"81":10.5111,"82":9.7896,"83":9.688,"84":9.4275,"85":9.4834,"86":9.4894,"87":9.4902,"88":9.6579,"89":9.8924,"90":9.9802,"91":11.176,"92":8.1145,"93":7.175,"94":7.2665,"95":7.72},"o":{"0":11.69,"1":11.4387,"2":12.6,"3":11.9833,"4":12.047,"5":11.9007,"6":11.9,"7":12.04,"8":12.0106,"9":11.69,"10":11.76,"11":12.04,"12":11.9707,"13":12.46,"14":13.3,"15":13.3,"16":12.6,"17":12.2493,"18":12.11,"19":11.9,"20":12.39,"21":11.76,"22":12.46,"23":13.44,"24":15.4287,"25":17.5,"26":15.19,"27":17.29,"28":15.54,"29":14.49,"30":14.4081,"31":14.42,"32":14.98,"33":14.56,"34":14.49,"35":14.07,"36":13.37,"37":13.93,"38":14.35,"39":14.0,"40":14.14,"41":14.35,"42":14.28,"43":13.93,"44":13.3,"45":13.412,"46":12.7057,"47":12.6,"48":13.3,"49":13.09,"50":12.74,"51":13.265,"52":13.02,"53":13.02,"54":13.86,"55":12.6042,"56":12.81,"57":12.46,"58":12.6,"59":12.95,"60":12.81,"61":12.4334,"62":12.04,"63":12.67,"64":12.2906,"65":12.53,"66":12.53,"67":12.53,"68":12.74,"69":12.53,"70":12.6,"71":12.25,"72":12.53,"73":12.32,"74":11.97,"75":11.935,"76":11.83,"77":11.48,"78":11.2,"79":11.41,"80":10.99,"81":10.71,"82":10.5,"83":9.8,"84":9.59,"85":9.52,"86":11.69,"87":9.59,"88":9.52,"89":9.842,"90":10.0415,"91":10.01,"92":10.115,"93":7.0,"94":6.93,"95":7.56},"c":{"0":11.62,"1":12.6,"2":12.32,"3":12.11,"4":12.11,"5":11.76,"6":11.9,"7":11.55,"8":11.9,"9":11.76,"10":11.9,"11":12.25,"12":12.446,"13":12.6,"14":12.5307,"15":12.67,"16":12.88,"17":12.11,"18":11.9,"19":12.11,"20":12.39,"21":12.425,"22":13.37,"23":15.68,"24":14.35,"25":14.63,"26":16.31,"27":15.4623,"28":14.84,"29":14.42,"30":14.14,"31":14.98,"32":14.21,"33":14.14,"34":14.35,"35":13.72,"36":13.37,"37":14.385,"38":16.1819,"39":13.93,"40":14.2807,"41":14.35,"42":14.1771,"43":14.0,"44":13.51,"45":12.95,"46":12.74,"47":13.51,"48":13.09,"49":12.95,"50":13.286,"51":12.39,"52":12.88,"53":13.23,"54":13.02,"55":12.88,"56":13.16,"57":12.6,"58":12.6,"59":12.95,"60":12.32,"61":12.04,"62":11.83,"63":12.46,"64":12.39,"65":12.53,"66":12.67,"67":12.6,"68":12.74,"69":12.53,"70":12.3235,"71":12.18,"72":12.187,"73":12.32,"74":11.9,"75":12.11,"76":11.62,"77":11.13,"78":11.13,"79":10.92,"80":10.7716,"81":10.43,"82":9.9197,"83":10.5,"84":9.345,"85":9.45,"86":9.5753,"87":9.38,"88":9.7811,"89":9.73,"90":9.94,"91":10.22,"92":6.02,"93":7.07,"94":7.56,"95":7.7},"h":{"0":12.061,"1":12.74,"2":12.6,"3":12.39,"4":12.11,"5":12.04,"6":11.9,"7":13.3,"8":12.88,"9":11.9,"10":11.97,"11":14.0,"12":12.95,"13":12.81,"14":13.3,"15":13.3,"16":12.88,"17":12.4971,"18":12.11,"19":12.25,"20":12.39,"21":12.53,"22":13.965,"23":16.3093,"24":15.6793,"25":17.5,"26":17.2263,"27":17.29,"28":15.54,"29":14.63,"30":14.49,"31":15.085,"32":15.05,"33":14.56,"34":14.77,"35":14.56,"36":13.37,"37":14.385,"38":16.1819,"39":14.63,"40":14.42,"41":14.7693,"42":14.28,"43":14.28,"44":14.0084,"45":13.51,"46":13.4393,"47":13.58,"48":13.3,"49":13.37,"50":13.93,"51":13.265,"52":13.65,"53":13.86,"54":13.86,"55":13.0221,"56":13.23,"57":13.02,"58":12.74,"59":13.09,"60":13.02,"61":12.95,"62":12.04,"63":12.67,"64":12.46,"65":12.9493,"66":12.67,"67":12.88,"68":12.74,"69":12.719,"70":12.635,"71":12.67,"72":12.53,"73":12.46,"74":12.096,"75":12.11,"76":11.83,"77":11.62,"78":11.4793,"79":11.41,"80":10.99,"81":10.78,"82":10.5,"83":10.5,"84":9.8,"85":9.52,"86":11.69,"87":9.6383,"88":9.7811,"89":10.01,"90":10.08,"91":13.02,"92":10.36,"93":7.84,"94":8.05,"95":7.84},"l":{"0":11.27,"1":11.4387,"2":11.9,"3":11.9833,"4":11.83,"5":11.69,"6":11.9,"7":11.55,"8":11.69,"9":11.515,"10":11.69,"11":11.6207,"12":11.9707,"13":12.46,"14":12.46,"15":12.67,"16":11.9,"17":11.9,"18":11.6585,"19":11.83,"20":12.39,"21":11.76,"22":12.3207,"23":12.74,"24":14.35,"25":14.63,"26":14.7,"27":13.02,"28":13.65,"29":13.776,"30":14.14,"31":14.0,"32":14.07,"33":13.65,"34":14.35,"35":13.72,"36":13.37,"37":13.37,"38":13.65,"39":13.86,"40":14.0042,"41":13.5807,"42":13.72,"43":13.86,"44":13.16,"45":12.6,"46":12.25,"47":12.25,"48":12.74,"49":12.6,"50":12.6994,"51":12.25,"52":12.53,"53":13.02,"54":12.81,"55":12.6042,"56":12.81,"57":12.46,"58":12.6,"59":12.95,"60":12.25,"61":11.9,"62":11.76,"63":12.04,"64":11.9,"65":12.04,"66":12.53,"67":12.18,"68":12.46,"69":12.32,"70":12.3235,"71":11.9,"72":12.187,"73":11.97,"74":11.27,"75":11.83,"76":11.55,"77":11.13,"78":10.78,"79":10.5,"80":10.5966,"81":10.15,"82":9.45,"83":9.45,"84":9.24,"85":9.45,"86":9.38,"87":9.38,"88":9.415,"89":9.66,"90":9.835,"91":9.66,"92":5.39,"93":6.93,"94":5.7414,"95":7.49},"t":{"0":1658229300000,"1":1658295900000,"2":1658329200000,"3":1658395800000,"4":1658429100000,"5":1658495700000,"6":1658529000000,"7":1658728800000,"8":1658762100000,"9":1658828700000,"10":1658862000000,"11":1658928600000,"12":1658995200000,"13":1659028500000,"14":1659095100000,"15":1659328200000,"16":1659361500000,"17":1659428100000,"18":1659461400000,"19":1659528000000,"20":1659561300000,"21":1659594600000,"22":1659627900000,"23":1659694500000,"24":1659727800000,"25":1659927600000,"26":1659960900000,"27":1660027500000,"28":1660060800000,"29":1660127400000,"30":1660160700000,"31":1660194000000,"32":1660227300000,"33":1660293900000,"34":1660327200000,"35":1660560300000,"36":1660593600000,"37":1660626900000,"38":1660660200000,"39":1660726800000,"40":1660760100000,"41":1660826700000,"42":1660893300000,"43":1660926600000,"44":1661159700000,"45":1661193000000,"46":1661259600000,"47":1661326200000,"48":1661359500000,"49":1661426100000,"50":1661492700000,"51":1661526000000,"52":1661759100000,"53":1661792400000,"54":1661859000000,"55":1661925600000,"56":1661958900000,"57":1662025500000,"58":1662058800000,