{"v":{"0":1000,"1":5221,"2":7907,"3":8217,"4":1848,"5":9448,"6":2949,"7":3721,"8":788,"9":2454,"10":21084,"11":7599,"12":2237,"13":14255,"14":773,"15":15384,"16":3494,"17":2961,"18":4174,"19":3818,"20":12356,"21":6123,"22":3042,"23":2758,"24":9738,"25":500},"vw":{"0":4.3734,"1":4.3627,"2":4.3492,"3":4.3065,"4":4.3282,"5":4.2109,"6":4.1736,"7":4.0666,"8":4.1816,"9":4.189,"10":4.0797,"11":4.2058,"12":4.2982,"13":4.1511,"14":4.1043,"15":4.0443,"16":4.0128,"17":4.0081,"18":3.9945,"19":4.038,"20":4.0138,"21":3.9019,"22":3.8985,"23":3.889,"24":3.9147,"25":4.127},"o":{"0":4.3734,"1":4.37,"2":4.35,"3":4.32,"4":4.32,"5":4.27,"6":4.205,"7":4.07,"8":4.06,"9":4.2,"10":4.1599,"11":4.22,"12":4.3,"13":4.3,"14":4.11,"15":4.05,"16":4.02,"17":4.01,"18":3.99,"19":4.005,"20":4.04,"21":4.0,"22":3.9,"23":3.8914,"24":3.9014,"25":4.13},"c":{"0":4.3734,"1":4.395,"2":4.3313,"3":4.27,"4":4.308,"5":4.21,"6":4.085,"7":4.075,"8":4.215,"9":4.1115,"10":4.175,"11":4.28,"12":4.35,"13":4.18,"14":4.08,"15":4.03,"16":4.025,"17":4.04,"18":3.99,"19":4.0536,"20":4.0,"21":3.9,"22":3.88,"23":3.8875,"24":3.92,"25":4.13},"h":{"0":4.3734,"1":4.43,"2":4.35,"3":4.35,"4":4.3748,"5":4.27,"6":4.21,"7":4.0933,"8":4.2291,"9":4.22,"10":4.19,"11":4.28,"12":4.36,"13":4.3,"14":4.12,"15":4.08,"16":4.03,"17":4.06,"18":4.0369,"19":4.07,"20":4.05,"21":4.0,"22":3.97,"23":3.91,"24":3.94,"25":4.13},"l":{"0":4.3734,"1":4.32,"2":4.3313,"3":4.27,"4":4.2997,"5":4.195,"6":4.085,"7":4.05,"8":4.06,"9":4.1115,"10":4.0001,"11":4.1401,"12":4.28,"13":4.01,"14":4.08,"15":4.0,"16":4.0,"17":3.9201,"18":3.9588,"19":4.005,"20":4.0,"21":3.86,"22":3.88,"23":3.86,"24":3.895,"25":4.13},"t":{"0":1664197200000,"1":1664203500000,"2":1664209800000,"3":1664216100000,"4":1664285400000,"5":1664291700000,"6":1664298000000,"7":1664304300000,"8":1664367300000,"9":1664373600000,"10":1664379900000,"11":1664386200000,"12":1664392500000,"13":1664455500000,"14":1664461800000,"15":1664474400000,"16":1664480700000,"17":1664543700000,"18":1664550000000,"19":1664556300000,"20":1664562600000,"21":1664802000000,"22":1664808300000,"23":1664814600000,"24":1664820900000,"25":1664833500000},"n":{"0":1,"1":34,"2":6,"3":73,"4":20,"5":60,"6":41,"7":44,"8":11,"9":11,"10":109,"11":39,"12":18,"13":38,"14":13,"15":76,"16":29,"17":30,"18":89,"19":22,"20":76,"21":47,"22":22,"23":30,"24":70,"25":2},"sma_20":{"0":4.84693,"1":4.79968,"2":4.748245,"3":4.695745,"4":4.642645,"5":4.586145,"6":4.528645,"7":4.466395,"8":4.430145,"9":4.39272,"10":4.360555,"11":4.338555,"12":4.31856,"13":4.29631,"14":4.26981,"15":4.24846,"16":4.22921,"17":4.21221,"18":4.18871,"19":4.17889,"20":4.16022,"21":4.13547,"22":4.112905,"23":4.09378,"24":4.07438,"25":4.07038},"sma_50":{"0":5.124114,"1":5.118014,"2":5.10684,"3":5.09414,"4":5.0803,"5":5.0607,"6":5.0364,"7":5.0131,"8":4.9916,"9":4.96463,"10":4.93993,"11":4.91793,"12":4.89693,"13":4.87453,"14":4.84753,"15":4.82053,"16":4.79443,"17":4.77123,"18":4.74639,"19":4.718462,"20":4.69046,"21":4.66056,"22":4.62816,"23":4.60071,"24":4.56931,"25":4.54231},"sma_100":{"0":4.982985,"1":4.970828,"2":4.958641,"3":4.948141,"4":4.938021,"5":4.926821,"6":4.914271,"7":4.902421,"8":4.891631,"9":4.878946,"10":4.867996,"11":4.858896,"12":4.850096,"13":4.839397,"14":4.828697,"15":4.818597,"16":4.810647,"17":4.804047,"18":4.796347,"19":4.788483,"20":4.779483,"21":4.769933,"22":4.760685,"23":4.75173,"24":4.74293,"25":4.73613},"rsi":{"0":30.8013764636,"1":32.0350020956,"2":30.318426435,"3":28.7233586628,"4":31.1418021362,"5":28.4598643322,"6":25.4492906338,"7":25.219450048,"8":34.1815795127,"9":31.2042099308,"10":34.9480639392,"11":40.6951477178,"12":44.232374306,"13":38.2634943361,"14":35.2501463986,"15":33.8161644431,"16":33.6686639989,"17":34.5904206413,"18":32.946898721,"19":37.0444595433,"20":35.097847612,"21":31.7461343247,"22":31.1063261606,"23":31.6625297369,"24":34.1437108624,"25":47.4264462884},"upper_bb":{"0":5.6486495942,"1":5.5903565141,"2":5.5190360563,"3":5.4453068439,"4":5.3397198249,"5":5.2260662007,"6":5.1284922489,"7":4.9713554944,"8":4.8944034873,"9":4.8310283346,"10":4.7600637377,"11":4.7015085999,"12":4.6258993557,"13":4.5731588769,"14":4.5204549693,"15":4.5046511572,"16":4.4920643795,"17":4.4779648605,"18":4.4451652769,"19":4.4404536455,"20":4.4165790952,"21":4.3919693001,"22":4.3761812925,"23":4.3644737256,"24":4.3358892922,"25":4.3255247771},"lower_bb":{"0":4.0452104058,"1":4.0090034859,"2":3.9774539437,"3":3.9461831561,"4":3.9455701751,"5":3.9462237993,"6":3.9287977511,"7":3.9614345056,"8":3.9658865127,"9":3.9544116654,"10":3.9610462623,"11":3.9756014001,"12":4.0112206443,"13":4.0194611231,"14":4.0191650307,"15":3.9922688428,"16":3.9663556205,"17":3.9464551395,"18":3.9322547231,"19":3.9173263545,"20":3.9038609048,"21":3.8789706999,"22":3.8496287075,"23":3.8230862744,"24":3.8128707078,"25":3.8152352229},"e26":{"0":4.8200452624,"1":4.7885604281,"2":4.7546892853,"3":4.7187863753,"4":4.6883577549,"5":4.6529238471,"6":4.610855414,"7":4.5711624204,"8":4.5447800189,"9":4.5126852026,"10":4.4876714839,"11":4.4722884111,"12":4.4632300102,"13":4.4422500095,"14":4.4154166754,"15":4.3868672921,"16":4.3600623075,"17":4.3363539884,"18":4.3106981374,"19":4.2916538309,"20":4.2700498435,"21":4.2426387439,"22":4.2157766148,"23":4.1914598285,"24":4.171351693,"25":4.1682886047},"e12":{"0":4.5760495674,"1":4.5481957878,"2":4.5148272051,"3":4.4771614812,"4":4.4511366379,"5":4.4140386936,"6":4.3634173562,"7":4.3190454552,"8":4.3030384621,"9":4.2735710064,"10":4.2584062362,"11":4.2617283537,"12":4.275308607,"13":4.2606457444,"14":4.2328540914,"15":4.2016457696,"16":4.1744694974,"17":4.1537818824,"18":4.1285846697,"19":4.1170485667,"20":4.0990410949,"21":4.068419388,"22":4.0394317898,"23":4.0160576683,"24":4.0012795655,"25":4.0210827093},"MACD":{"0":-0.243995695,"1":-0.2403646403,"2":-0.2398620802,"3":-0.2416248941,"4":-0.2372211169,"5":-0.2388851535,"6":-0.2474380578,"7":-0.2521169652,"8":-0.2417415568,"9":-0.2391141963,"10":-0.2292652478,"11":-0.2105600574,"12":-0.1879214033,"13":-0.1816042651,"14":-0.1825625841,"15":-0.1852215224,"16":-0.1855928101,"17":-0.182572106,"18":-0.1821134677,"19":-0.1746052642,"20":-0.1710087486,"21":-0.174219356,"22":-0.1763448249,"23":-0.1754021602,"24":-0.1700721275,"25":-0.1472058954},"e9":{"0":-0.1865369462,"1":-0.1973024851,"2":-0.2058144041,"3":-0.2129765021,"4":-0.2178254251,"5":-0.2220373707,"6":-0.2271175082,"7":-0.2321173996,"8":-0.234042231,"9":-0.2350566241,"10":-0.2338983488,"11":-0.2292306905,"12":-0.2209688331,"13":-0.2130959195,"14":-0.2069892524,"15":-0.2026357064,"16":-0.1992271271,"17":-0.1958961229,"18":-0.1931395919,"19":-0.1894327263,"20":-0.1857479308,"21":-0.1834422158,"22":-0.1820227376,"23":-0.1806986221,"24":-0.1785733232,"25":-0.1722998377},"HIST":{"0":-0.0574587487,"1":-0.0430621553,"2":-0.0340476762,"3":-0.028648392,"4":-0.0193956919,"5":-0.0168477827,"6":-0.0203205497,"7":-0.0199995656,"8":-0.0076993258,"9":-0.0040575722,"10":0.004633101,"11":0.0186706331,"12":0.0330474298,"13":0.0314916544,"14":0.0244266683,"15":0.017414184,"16":0.013634317,"17":0.0133240169,"18":0.0110261242,"19":0.0148274621,"20":0.0147391822,"21":0.0092228599,"22":0.0056779127,"23":0.005296462,"24":0.0085011957,"25":0.0250939423}}