{"v":{"0":21799.0,"1":900.6,"2":14606.4,"3":66597.4,"4":22931.6,"5":10982.4,"6":13201.0,"7":11150.8,"8":13941.6,"9":15413.8,"10":60.0,"11":580585.0000000003,"12":779273.7999999998,"13":6456.6,"14":569.2,"15":55871.4,"16":161305.8,"17":100820.2,"18":906.6,"19":181.4,"20":36030.0,"21":30460.2,"22":72670.6,"23":865.8,"24":38306.0,"25":27595.6,"26":143151.2,"27":283.6,"28":2956.0,"29":35282.2,"30":19906.8,"31":1843.0,"32":148.8},"vw":{"0":17.7376,"1":18.5133,"2":17.1079,"3":14.9207,"4":15.0635,"5":13.9467,"6":13.9509,"7":14.8451,"8":14.86,"9":15.1506,"10":15.4655,"11":19.3946,"12":20.5128,"13":19.8782,"14":18.9496,"15":18.8025,"16":17.1144,"17":15.3077,"18":15.4696,"19":14.5491,"20":14.9265,"21":14.0499,"22":13.6121,"23":13.4542,"24":13.3042,"25":12.8693,"26":11.4126,"27":10.9631,"28":11.087,"29":11.0595,"30":11.144,"31":10.931,"32":10.95},"o":{"0":17.275,"1":18.45,"2":18.6005,"3":16.415,"4":15.0,"5":13.65,"6":14.122,"7":14.65,"8":14.1505,"9":15.2,"10":15.45,"11":16.3,"12":20.0,"13":19.95,"14":19.4,"15":19.0,"16":18.8,"17":15.623,"18":15.4645,"19":15.3,"20":14.65,"21":14.67,"22":14.0,"23":13.55,"24":13.5,"25":13.05,"26":12.506,"27":11.15,"28":11.2,"29":10.9,"30":11.25,"31":10.85,"32":10.95},"c":{"0":17.55,"1":18.65,"2":16.425,"3":15.075,"4":15.4,"5":14.0,"6":14.4,"7":15.05,"8":15.2,"9":14.8,"10":15.45,"11":19.9995,"12":20.05,"13":19.8,"14":18.65,"15":19.25,"16":15.9,"17":15.5,"18":15.5,"19":14.65,"20":14.69,"21":14.0,"22":13.25,"23":13.4,"24":13.0195,"25":12.7475,"26":11.1995,"27":10.7,"28":11.05,"29":11.1,"30":11.05,"31":11.0,"32":10.95},"h":{"0":18.75,"1":18.65,"2":18.6005,"3":16.55,"4":15.402,"5":14.9845,"6":14.55,"7":15.4,"8":15.3,"9":15.4,"10":15.45,"11":22.35,"12":22.4,"13":20.45,"14":19.4,"15":20.65,"16":19.25,"17":15.95,"18":16.15,"19":15.3,"20":15.55,"21":14.67,"22":14.05,"23":13.8,"24":13.75,"25":13.244,"26":13.0,"27":11.15,"28":11.2,"29":11.65,"30":11.5,"31":11.1,"32":10.95},"l":{"0":17.05,"1":18.45,"2":16.15,"3":13.3,"4":14.3505,"5":13.35,"6":13.356,"7":14.15,"8":14.006,"9":14.6005,"10":15.45,"11":15.5,"12":18.25,"13":18.8,"14":18.65,"15":17.5,"16":15.05,"17":14.6,"18":15.1,"19":13.9,"20":14.25,"21":13.75,"22":13.2,"23":13.4,"24":12.85,"25":12.35,"26":9.6,"27":10.7,"28":10.8,"29":10.375,"30":10.65,"31":10.85,"32":10.95},"t":{"0":1663781400000,"1":1663794000000,"2":1663844400000,"3":1663857000000,"4":1663869600000,"5":1663932600000,"6":1663945200000,"7":1663957800000,"8":1664197200000,"9":1664209800000,"10":1664272800000,"11":1664285400000,"12":1664298000000,"13":1664310600000,"14":1664348400000,"15":1664361000000,"16":1664373600000,"17":1664386200000,"18":1664398800000,"19":1664436600000,"20":1664449200000,"21":1664461800000,"22":1664474400000,"23":1664487000000,"24":1664537400000,"25":1664550000000,"26":1664562600000,"27":1664575200000,"28":1664789400000,"29":1664802000000,"30":1664814600000,"31":1664827200000,"32":1664839800000},"n":{"0":1092,"1":14,"2":742,"3":2782,"4":992,"5":667,"6":434,"7":378,"8":636,"9":602,"10":3,"11":25257,"12":19859,"13":210,"14":25,"15":4302,"16":8640,"17":5143,"18":32,"19":11,"20":1932,"21":1521,"22":1921,"23":17,"24":1233,"25":968,"26":2707,"27":9,"28":65,"29":1665,"30":902,"31":12,"32":2}}