{"v":{"0":349.3,"1":28.0,"2":5885.9,"3":11045.25,"4":3528.65,"5":260.05,"6":11617.95,"7":7800.9,"8":2071.45,"9":215.05,"10":7361.0,"11":5163.65,"12":307.2,"13":302.75,"14":340.95,"15":9322.95,"16":3437.45,"17":4695.9,"18":8608.95,"19":6369.75,"20":5.0,"21":5377.05,"22":10037.35,"23":269.1,"24":398.75,"25":11608.25,"26":5247.3,"27":437.45,"28":5.0,"29":3083.3,"30":10970.75,"31":4541.6,"32":10.0,"33":7367.0,"34":16284.05,"35":9600.25,"36":122.35,"37":12692.0,"38":9090.2,"39":61.85,"40":25.2,"41":5662.55,"42":10352.75,"43":5504.0,"44":15.0,"45":180.5,"46":9953.35,"47":6880.9,"48":1599.05,"49":43.9,"50":479.6,"51":9720.3,"52":9911.9,"53":263.45,"54":25.0,"55":680.1,"56":10741.05,"57":14880.15,"58":63.7,"59":240.35,"60":3159.8,"61":19240.25,"62":10187.4,"63":5.0,"64":1457528.5500000003,"65":4564297.7499999963,"66":1356581.05,"67":57158.0,"68":25317.55,"69":77861.7000000001,"70":262636.6,"71":195703.7,"72":1665.05,"73":7232.85,"74":41621.75,"75":121231.2000000001,"76":40674.7,"77":773.6,"78":281674.2499999999,"79":369171.4000000001,"80":226995.7500000001},"vw":{"0":16.2838,"1":16.7843,"2":15.9105,"3":15.9243,"4":15.8322,"5":15.917,"6":15.2485,"7":15.4672,"8":15.6941,"9":15.8179,"10":15.8083,"11":15.907,"12":15.7644,"13":16.1998,"14":15.9696,"15":16.1796,"16":16.3306,"17":15.9475,"18":16.4476,"19":16.67,"20":16.6,"21":16.3907,"22":16.5186,"23":16.5653,"24":17.0173,"25":16.5948,"26":16.6143,"27":16.8562,"28":16.798,"29":16.5485,"30":16.3617,"31":15.9467,"32":15.704,"33":15.5156,"34":15.1516,"35":14.8537,"36":15.0014,"37":14.4882,"38":14.2235,"39":14.289,"40":14.6,"41":14.3349,"42":14.2988,"43":14.1938,"44":14.2,"45":14.0601,"46":13.7697,"47":13.7659,"48":13.8564,"49":14.0,"50":14.1498,"51":13.6699,"52":13.8724,"53":13.6835,"54":13.902,"55":14.097,"56":14.2146,"57":14.553,"58":14.7688,"59":15.2342,"60":14.7996,"61":15.1088,"62":14.4423,"63":14.5,"64":30.2888,"65":30.2132,"66":25.6581,"67":24.0832,"68":22.8597,"69":21.8655,"70":23.3167,"71":25.8318,"72":25.3527,"73":24.6417,"74":25.1455,"75":26.3285,"76":25.9847,"77":26.2089,"78":33.5835,"79":28.4086,"80":27.5403},"o":{"0":16.2,"1":16.02,"2":16.796,"3":16.196,"4":15.802,"5":16.2,"6":16.0,"7":15.074,"8":15.766,"9":15.4,"10":15.8,"11":15.738,"12":16.0,"13":16.2,"14":16.162,"15":16.0,"16":16.54,"17":16.2,"18":16.202,"19":16.414,"20":16.6,"21":17.0,"22":16.79,"23":16.2,"24":17.4,"25":17.38,"26":16.5517,"27":17.2,"28":16.798,"29":16.4,"30":16.678,"31":15.8,"32":15.4,"33":16.008,"34":15.3,"35":14.908,"36":15.146,"37":15.0,"38":14.32,"39":14.4,"40":14.6,"41":14.6,"42":14.204,"43":14.194,"44":14.2,"45":14.2,"46":14.2,"47":13.714,"48":13.748,"49":14.0,"50":14.2,"51":14.0,"52":13.606,"53":13.544,"54":13.902,"55":14.0,"56":14.342,"57":14.51,"58":14.8,"59":15.184,"60":14.798,"61":14.884,"62":14.602,"63":14.5,"64":13.4,"65":33.4,"66":29.12,"67":24.6,"68":25.4,"69":22.4,"70":23.4,"71":24.374,"72":25.4,"73":25.0,"74":25.6,"75":25.628,"76":26.8,"77":26.6,"78":25.4,"79":30.6,"80":26.8},"c":{"0":16.22,"1":16.76,"2":16.0,"3":15.8,"4":16.2,"5":15.804,"6":15.196,"7":15.766,"8":16.0,"9":15.998,"10":15.68,"11":15.894,"12":16.0,"13":16.198,"14":16.0,"15":16.45,"16":16.2,"17":16.028,"18":16.416,"19":16.4,"20":16.6,"21":16.546,"22":16.772,"23":16.6,"24":17.38,"25":16.504,"26":17.2,"27":16.8,"28":16.798,"29":16.454,"30":16.0,"31":16.008,"32":16.008,"33":15.2,"34":14.908,"35":14.5,"36":15.0,"37":14.2,"38":14.796,"39":14.4,"40":14.6,"41":14.204,"42":14.1,"43":14.2,"44":14.2,"45":14.2,"46":13.714,"47":13.716,"48":13.92,"49":14.0,"50":13.802,"51":13.598,"52":14.2,"53":14.2,"54":13.902,"55":14.002,"56":14.551,"57":14.8,"58":14.8,"59":15.4,"60":14.652,"61":14.48,"62":14.6,"63":14.5,"64":33.4,"65":29.022,"66":24.8,"67":23.6,"68":22.6,"69":23.6,"70":24.4,"71":25.0,"72":25.6,"73":25.4,"74":25.6,"75":26.6,"76":26.6,"77":26.2,"78":30.6,"79":26.5,"80":28.0},"h":{"0":16.8,"1":17.598,"2":16.8,"3":16.364,"4":16.2,"5":16.2,"6":16.0,"7":15.848,"8":16.194,"9":16.006,"10":16.506,"11":16.2,"12":16.0,"13":16.2,"14":16.162,"15":16.6,"16":16.746,"17":16.6,"18":16.694,"19":17.0,"20":16.6,"21":17.0,"22":16.796,"23":16.798,"24":17.58,"25":17.38,"26":17.2,"27":17.2,"28":16.798,"29":17.198,"30":16.8,"31":16.3,"32":16.008,"33":16.402,"34":15.686,"35":15.204,"36":15.146,"37":15.392,"38":14.8,"39":14.4,"40":14.6,"41":15.0,"42":14.562,"43":14.598,"44":14.2,"45":14.2,"46":14.6,"47":13.972,"48":14.106,"49":14.0,"50":14.6,"51":14.0,"52":14.2,"53":14.2,"54":13.902,"55":14.6,"56":14.69,"57":14.998,"58":14.8,"59":15.754,"60":15.402,"61":15.404,"62":14.902,"63":14.5,"64":38.2,"65":34.3,"66":29.4,"67":25.6,"68":25.6,"69":23.8,"70":24.8,"71":27.0,"72":25.6,"73":26.0,"74":25.8,"75":27.4,"76":27.0,"77":26.6,"78":39.4,"79":31.6,"80":29.0},"l":{"0":16.2,"1":16.02,"2":15.6,"3":15.756,"4":15.68,"5":15.802,"6":15.0,"7":15.04,"8":15.478,"9":15.4,"10":15.4,"11":15.68,"12":15.6,"13":16.198,"14":15.6,"15":15.68,"16":16.0,"17":15.7,"18":16.2,"19":16.318,"20":16.6,"21":16.0,"22":16.264,"23":16.2,"24":16.77,"25":16.042,"26":16.044,"27":16.8,"28":16.798,"29":16.2,"30":15.804,"31":15.622,"32":15.4,"33":15.2,"34":14.906,"35":14.426,"36":14.8,"37":14.02,"38":14.022,"39":14.02,"40":14.6,"41":14.2,"42":14.008,"43":14.02,"44":14.2,"45":14.0,"46":13.402,"47":13.714,"48":13.748,"49":14.0,"50":13.802,"51":13.4,"52":13.552,"53":13.504,"54":13.902,"55":13.8,"56":13.908,"57":14.04,"58":14.6,"59":14.62,"60":14.598,"61":14.44,"62":14.002,"63":14.5,"64":13.4,"65":25.6,"66":22.6,"67":23.4,"68":21.4,"69":20.8,"70":21.6,"71":24.202,"72":24.4,"73":22.8,"74":24.4,"75":25.2,"76":24.6,"77":25.6,"78":25.4,"79":26.2,"80":25.8},"t":{"0":1657659600000,"1":1657690200000,"2":1657705500000,"3":1657720800000,"4":1657736100000,"5":1657782000000,"6":1657797300000,"7":1657812600000,"8":1657827900000,"9":1657873800000,"10":1657889100000,"11":1657904400000,"12":1657919700000,"13":1658118600000,"14":1658133900000,"15":1658149200000,"16":1658164500000,"17":1658225700000,"18":1658241000000,"19":1658256300000,"20":1658302200000,"21":1658317500000,"22":1658332800000,"23":1658348100000,"24":1658394000000,"25":1658409300000,"26":1658424600000,"27":1658439900000,"28":1658470500000,"29":1658485800000,"30":1658501100000,"31":1658516400000,"32":1658730600000,"33":1658745900000,"34":1658761200000,"35":1658776500000,"36":1658822400000,"37":1658837700000,"38":1658853000000,"39":1658868300000,"40":1658898900000,"41":1658914200000,"42":1658929500000,"43":1658944800000,"44":1658960100000,"45":1658990700000,"46":1659006000000,"47":1659021300000,"48":1659036600000,"49":1659051900000,"50":1659082500000,"51":1659097800000,"52":1659113100000,"53":1659128400000,"54":1659327300000,"55":1659342600000,"56":1659357900000,"57":1659373200000,"58":1659388500000,"59":1659419100000,"60":1659434400000,"61":1659449700000,"62":1659465000000,"63":1659480300000,"64":1659510900000,"65":1659526200000,"66":1659541500000,"67":1659556800000,"68":1659587400000,"69":1659602700000,"70":1659618000000,"71":1659633300000,"72":1659648600000,"73":1659679200000,"74":1659694500000,"75":1659709800000,"76":1659725100000,"77":1659740400000,"78":1659939300000,"79":1659954600000,"80":1659969900000},"n":{"0":5,"1":5,"2":252,"3":704,"4":419,"5":19,"6":617,"7":753,"8":177,"9":12,"10":368,"11":423,"12":7,"13":13,"14":17,"15":636,"16":347,"17":146,"18":689,"19":689,"20":1,"21":345,"22":633,"23":10,"24":24,"25":640,"26":520,"27":5,"28":1,"29":123,"30":508,"31":293,"32":2,"33":362,"34":869,"35":630,"36":16,"37":711,"38":672,"39":8,"40":4,"41":110,"42":647,"43":540,"44":2,"45":7,"46":650,"47":809,"48":209,"49":1,"50":30,"51":678,"52":633,"53":15,"54":1,"55":33,"56":716,"57":1204,"58":7,"59":25,"60":202,"61":1050,"62":836,"63":1,"64":84123,"65":211020,"66":62330,"67":2804,"68":2893,"69":6802,"70":17156,"71":8958,"72":137,"73":1073,"74":2791,"75":6471,"76":2476,"77":13,"78":29658,"79":22708,"80":12089}}