{"v":{"0":6632.1875,"1":54.6,"2":85.3,"3":14012.575,"4":8346.325,"5":11.0875,"6":392.9125,"7":16987.9375,"8":13362.65,"9":55.5,"10":65.35,"11":8151.9,"12":12283.375,"13":585.0875,"14":92.8875,"15":3585.25,"16":18905.15,"17":12547.5375,"18":18.85,"19":148.0875,"20":11206.1875,"21":10447.3875,"22":42.825,"23":63.425,"24":13793.9,"25":19405.2125,"26":1206.4125,"27":28.6625,"28":3622.675,"29":20112.4375,"30":6191.75,"31":7.625,"32":118.7125,"33":13416.725,"34":14807.8125,"35":33.775,"36":21.275,"37":7978.6375,"38":12787.7,"39":58.9375,"40":31.25,"41":3713.6625,"42":34271.275,"43":34885.3125,"44":2.5,"45":75.65,"46":3323.8625,"47":12606.0,"48":10183.3,"49":56.575,"50":138.2375,"51":13415.425,"52":8423.65,"53":7.95,"54":14632.775,"55":26528.475,"56":232.0625,"57":58.25,"58":3712.5625,"59":16800.8625,"60":10774.425,"61":47.1125,"62":123209.2875000001,"63":68916.5875,"64":309.3125,"65":2692.675,"66":364553.7250000001,"67":887497.9375000002},"vw":{"0":227.8433,"1":225.7325,"2":225.2924,"3":210.706,"4":207.5673,"5":208.0,"6":198.2657,"7":188.5373,"8":184.5959,"9":182.5459,"10":185.5042,"11":185.5133,"12":186.9973,"13":190.9169,"14":186.5427,"15":194.2992,"16":196.471,"17":201.2947,"18":203.9413,"19":193.34,"20":186.6421,"21":184.8023,"22":183.8782,"23":189.2041,"24":193.2785,"25":198.8635,"26":200.6145,"27":205.2089,"28":211.0514,"29":214.2105,"30":204.825,"31":213.6,"32":198.7441,"33":201.4211,"34":198.0862,"35":195.4881,"36":198.4018,"37":196.7095,"38":193.0551,"39":198.3021,"40":194.6816,"41":201.2279,"42":188.6067,"43":195.6289,"44":197.2,"45":200.2914,"46":195.8478,"47":189.0056,"48":185.652,"49":186.2599,"50":187.3135,"51":184.1575,"52":178.5021,"53":178.5736,"54":186.2949,"55":192.2317,"56":192.7629,"57":185.9536,"58":197.3559,"59":197.9444,"60":204.4759,"61":207.7486,"62":259.3345,"63":276.0707,"64":284.8723,"65":307.099,"66":383.759,"67":452.4715},"o":{"0":231.2,"1":225.6,"2":228.8,"3":221.6,"4":206.4,"5":208.0,"6":208.0,"7":199.2,"8":188.8,"9":182.4,"10":184.8,"11":184.0,"12":187.6,"13":188.8,"14":196.0,"15":186.4,"16":194.4,"17":199.6,"18":204.0,"19":200.0,"20":194.4,"21":184.8,"22":182.4,"23":188.0,"24":188.8,"25":198.4,"26":200.0,"27":208.0,"28":206.4,"29":214.4,"30":206.0,"31":213.6,"32":204.0,"33":200.8,"34":200.8,"35":194.4,"36":197.6,"37":200.8,"38":195.92,"39":192.8,"40":196.0,"41":196.8,"42":199.2,"43":186.4,"44":196.8,"45":192.0,"46":199.2,"47":191.2,"48":190.4,"49":184.0,"50":184.8,"51":187.2,"52":178.4,"53":180.8,"54":179.2,"55":185.6,"56":192.8,"57":198.4,"58":187.2,"59":198.8,"60":201.6,"61":208.8,"62":204.8,"63":267.6,"64":280.0,"65":280.8,"66":301.6,"67":457.208},"c":{"0":225.6,"1":228.0,"2":220.0,"3":206.8,"4":211.2,"5":208.0,"6":200.8,"7":189.592,"8":182.4,"9":183.2,"10":184.8,"11":187.6,"12":188.0,"13":196.0,"14":188.0,"15":194.8,"16":199.6,"17":200.0,"18":204.0,"19":193.6,"20":184.4,"21":188.8,"22":185.6,"23":188.0,"24":198.0,"25":198.0,"26":200.0,"27":204.8,"28":215.2,"29":205.6,"30":215.2,"31":213.6,"32":200.8,"33":200.0,"34":196.8,"35":194.4,"36":199.2,"37":195.6,"38":195.2,"39":197.6,"40":195.2,"41":198.4,"42":186.4,"43":191.2,"44":197.6,"45":198.4,"46":190.8,"47":190.0,"48":186.4,"49":186.4,"50":188.8,"51":178.4,"52":180.8,"53":179.2,"54":185.6,"55":192.0,"56":193.6,"57":185.6,"58":198.8,"59":200.8,"60":210.4,"61":205.6,"62":268.0,"63":280.0,"64":286.4,"65":301.6,"66":457.592,"67":419.2},"h":{"0":232.8,"1":228.0,"2":232.0,"3":221.6,"4":211.2,"5":208.0,"6":208.0,"7":200.8,"8":191.2,"9":183.2,"10":194.4,"11":192.0,"12":190.4,"13":197.6,"14":196.0,"15":201.6,"16":203.2,"17":208.0,"18":204.0,"19":200.0,"20":200.0,"21":188.8,"22":185.6,"23":192.0,"24":199.096,"25":204.0,"26":212.8,"27":208.0,"28":217.6,"29":224.8,"30":215.2,"31":213.6,"32":204.0,"33":208.4,"34":202.4,"35":196.8,"36":199.2,"37":202.4,"38":197.2,"39":200.0,"40":196.0,"41":208.0,"42":200.8,"43":204.0,"44":197.6,"45":204.0,"46":214.4,"47":193.6,"48":191.2,"49":191.2,"50":192.0,"51":192.8,"52":180.8,"53":180.8,"54":190.8,"55":196.8,"56":195.2,"57":198.4,"58":202.4,"59":202.4,"60":210.4,"61":208.8,"62":279.2,"63":286.4,"64":297.6,"65":329.6,"66":459.2,"67":512.0},"l":{"0":216.8,"1":225.6,"2":220.0,"3":204.96,"4":204.8,"5":208.0,"6":196.0,"7":183.2,"8":181.6,"9":182.4,"10":184.8,"11":180.8,"12":184.0,"13":184.8,"14":184.8,"15":183.2,"16":187.2,"17":194.8,"18":204.0,"19":190.4,"20":183.2,"21":181.6,"22":182.4,"23":186.4,"24":186.4,"25":194.4,"26":196.8,"27":204.8,"28":204.8,"29":205.2,"30":201.6,"31":213.6,"32":192.0,"33":196.8,"34":192.0,"35":194.4,"36":197.6,"37":192.8,"38":189.2,"39":192.8,"40":194.4,"41":195.2,"42":182.8,"43":186.0,"44":196.8,"45":192.0,"46":190.4,"47":184.8,"48":181.6,"49":184.0,"50":184.8,"51":178.4,"52":176.0,"53":176.8,"54":174.4,"55":184.008,"56":188.0,"57":185.6,"58":185.0,"59":188.8,"60":200.8,"61":200.0,"62":201.6,"63":261.6,"64":280.0,"65":280.8,"66":268.8,"67":410.4},"t":{"0":1654799400000,"1":1654815600000,"2":1654848000000,"3":1654864200000,"4":1654880400000,"5":1654896600000,"6":1655107200000,"7":1655123400000,"8":1655139600000,"9":1655155800000,"10":1655188200000,"11":1655204400000,"12":1655220600000,"13":1655236800000,"14":1655269200000,"15":1655285400000,"16":1655301600000,"17":1655317800000,"18":1655334000000,"19":1655366400000,"20":1655382600000,"21":1655398800000,"22":1655415000000,"23":1655447400000,"24":1655463600000,"25":1655479800000,"26":1655496000000,"27":1655787600000,"28":1655803800000,"29":1655820000000,"30":1655836200000,"31":1655852400000,"32":1655884800000,"33":1655901000000,"34":1655917200000,"35":1655933400000,"36":1655965800000,"37":1655982000000,"38":1655998200000,"39":1656014400000,"40":1656046800000,"41":1656063000000,"42":1656079200000,"43":1656095400000,"44":1656111600000,"45":1656306000000,"46":1656322200000,"47":1656338400000,"48":1656354600000,"49":1656370800000,"50":1656403200000,"51":1656419400000,"52":1656435600000,"53":1656451800000,"54":1656500400000,"55":1656516600000,"56":1656532800000,"57":1656565200000,"58":1656581400000,"59":1656597600000,"60":1656613800000,"61":1656662400000,"62":1656678600000,"63":1656694800000,"64":1656711000000,"65":1657002600000,"66":1657018800000,"67":1657035000000},"n":{"0":3978,"1":5,"2":37,"3":4949,"4":4293,"5":3,"6":89,"7":7155,"8":6152,"9":10,"10":27,"11":3546,"12":6015,"13":31,"14":24,"15":1641,"16":8509,"17":6076,"18":11,"19":43,"20":4806,"21":5398,"22":17,"23":19,"24":3744,"25":8875,"26":43,"27":3,"28":1200,"29":7429,"30":2834,"31":3,"32":36,"33":4746,"34":4479,"35":6,"36":4,"37":2928,"38":5576,"39":22,"40":6,"41":1519,"42":11879,"43":10121,"44":2,"45":27,"46":1101,"47":4292,"48":3087,"49":20,"50":41,"51":3326,"52":3144,"53":3,"54":4868,"55":8139,"56":21,"57":6,"58":1388,"59":5784,"60":2459,"61":14,"62":41568,"63":23725,"64":111,"65":1345,"66":79400,"67":193713}}