{"v":{"0":42000.4405,"1":18979.8137,"2":9.7188,"3":8537.3139,"4":10461.5656,"5":15330.471,"6":794.5313,"7":4314.6259,"8":45136.4113000001,"9":21652.6892,"10":62.5,"11":3885.5005,"12":73960.3174000001,"13":19384.5012,"14":40.2188,"15":437.6564,"16":39800.4406,"17":20623.5327,"18":88.5938,"19":236.0313,"20":20244.6602,"21":12079.377,"22":65.5938,"23":51.9688,"24":19636.066,"25":15892.0021,"26":54.0,"27":23.4375,"28":11783.2842,"29":25133.0017,"30":53.6875,"31":43.5938,"32":330544.1612999997,"33":100374.2858000001,"34":636.4064,"35":496.5003,"36":52165.5663,"37":66311.128,"38":60.7813,"39":88.2188,"40":116092.6606000001,"41":79293.9733000001,"42":332.8751,"43":22.8125,"44":17981.221,"45":68573.8493000001,"46":1103.6255,"47":32.3125,"48":20229.2829,"49":281104.1303,"50":33851.8477,"51":161605.9720000001,"52":1742499.1316999979,"53":1839315.5377999931,"54":137180.5679000003,"55":15694.8777,"56":256002.2877000002,"57":264701.3197000002,"58":71163.8163000002,"59":3611.3756,"60":179076.4096},"vw":{"0":22.2341,"1":21.2798,"2":21.587,"3":20.4492,"4":20.3321,"5":19.2005,"6":18.7147,"7":18.5956,"8":18.3705,"9":18.0791,"10":17.9232,"11":17.7993,"12":18.6295,"13":18.3678,"14":18.1944,"15":17.6697,"16":18.8727,"17":19.0128,"18":18.6793,"19":19.955,"20":18.6103,"21":19.184,"22":19.2274,"23":19.507,"24":19.5725,"25":18.7976,"26":19.1972,"27":19.52,"28":18.9051,"29":18.7177,"30":18.6114,"31":18.6279,"32":22.1458,"33":22.4749,"34":21.5549,"35":21.5171,"36":22.9398,"37":22.9384,"38":23.0272,"39":21.4686,"40":24.4489,"41":21.666,"42":20.3634,"43":19.5584,"44":20.3214,"45":19.7266,"46":18.7535,"47":18.9215,"48":18.3401,"49":20.0619,"50":22.0321,"51":28.2401,"52":27.7939,"53":26.8311,"54":22.8929,"55":22.2661,"56":21.7539,"57":22.7569,"58":22.6825,"59":21.7741,"60":23.8862},"o":{"0":23.04,"1":21.232,"2":21.904,"3":21.76,"4":20.4432,"5":20.0384,"6":18.72,"7":19.008,"8":18.8224,"9":18.5152,"10":17.9232,"11":18.2432,"12":17.92,"13":18.4944,"14":18.2016,"15":17.92,"16":18.4704,"17":18.3584,"18":19.072,"19":19.68,"20":18.9056,"21":19.2,"22":19.776,"23":19.76,"24":19.52,"25":19.8304,"26":19.2,"27":19.52,"28":19.5008,"29":19.1936,"30":18.56,"31":18.56,"32":18.8736,"33":23.1136,"34":21.12,"35":22.4,"36":21.44,"37":23.04,"38":22.64,"39":22.08,"40":22.24,"41":23.52,"42":19.8432,"43":19.52,"44":20.128,"45":20.16,"46":18.5632,"47":19.2,"48":18.7168,"49":18.4096,"50":20.0352,"51":23.3536,"52":31.76,"53":27.9264,"54":23.184,"55":24.32,"56":21.44,"57":21.8016,"58":22.9408,"59":22.9376,"60":21.744},"c":{"0":21.1232,"1":21.44,"2":21.4368,"3":20.4432,"4":20.0384,"5":19.1968,"6":18.592,"7":18.8224,"8":18.5152,"9":18.2368,"10":17.92,"11":17.9168,"12":18.496,"13":18.208,"14":18.08,"15":18.24,"16":18.3584,"17":19.2,"18":18.5952,"19":20.496,"20":19.1968,"21":19.2,"22":19.2,"23":19.808,"24":19.8304,"25":19.2,"26":19.2,"27":19.52,"28":19.1968,"29":18.56,"30":18.7808,"31":18.8768,"32":23.1136,"33":21.12,"34":21.76,"35":21.696,"36":23.04,"37":22.6464,"38":23.296,"39":22.24,"40":23.52,"41":22.08,"42":20.48,"43":19.52,"44":20.1632,"45":18.5632,"46":18.576,"47":18.7168,"48":18.2752,"49":20.2416,"50":23.3536,"51":31.7632,"52":28.0896,"53":23.1808,"54":23.968,"55":21.4688,"56":21.8496,"57":22.8256,"58":22.2624,"59":21.5712,"60":24.8187},"h":{"0":23.3536,"1":22.4,"2":21.904,"3":21.76,"4":20.9568,"5":20.1568,"6":18.72,"7":19.1968,"8":19.2,"9":18.88,"10":17.9232,"11":18.56,"12":19.952,"13":19.0816,"14":18.2368,"15":18.528,"16":19.7408,"17":19.392,"18":19.072,"19":20.496,"20":19.5232,"21":19.808,"22":19.776,"23":19.808,"24":20.5952,"25":19.8304,"26":19.2,"27":19.52,"28":19.84,"29":19.4816,"30":18.7808,"31":18.8768,"32":25.8528,"33":23.6416,"34":21.76,"35":22.4,"36":24.32,"37":23.904,"38":23.68,"39":22.24,"40":26.368,"41":23.92,"42":20.544,"43":19.52,"44":21.1104,"45":20.8352,"46":19.824,"47":19.2,"48":19.1456,"49":22.4,"50":23.68,"51":32.96,"52":37.44,"53":31.04,"54":25.28,"55":24.32,"56":24.0,"57":23.392,"58":24.0,"59":23.04,"60":25.6},"l":{"0":20.96,"1":20.5312,"2":21.4368,"3":20.0,"4":19.8432,"5":16.8128,"6":18.592,"7":18.24,"8":17.9232,"9":17.6,"10":17.92,"11":17.28,"12":17.68,"13":17.9328,"14":18.08,"15":17.312,"16":17.9232,"17":17.9456,"18":18.5952,"19":19.2,"20":17.6384,"21":18.5632,"22":19.2,"23":19.2,"24":18.9504,"25":17.9904,"26":19.2,"27":19.52,"28":18.384,"29":17.9584,"30":18.56,"31":18.56,"32":18.24,"33":20.8,"34":21.12,"35":20.9984,"36":21.12,"37":22.08,"38":22.4032,"39":21.0144,"40":22.08,"41":19.5552,"42":19.8432,"43":19.52,"44":19.52,"45":18.56,"46":18.56,"47":18.7168,"48":17.9232,"49":17.632,"50":20.016,"51":23.04,"52":23.1136,"53":22.752,"54":21.76,"55":21.44,"56":20.48,"57":21.6288,"58":20.96,"59":21.44,"60":21.1712},"t":{"0":1657292400000,"1":1657309500000,"2":1657514700000,"3":1657531800000,"4":1657548900000,"5":1657566000000,"6":1657583100000,"7":1657617300000,"8":1657634400000,"9":1657651500000,"10":1657668600000,"11":1657702800000,"12":1657719900000,"13":1657737000000,"14":1657754100000,"15":1657788300000,"16":1657805400000,"17":1657822500000,"18":1657839600000,"19":1657873800000,"20":1657890900000,"21":1657908000000,"22":1657925100000,"23":1658130300000,"24":1658147400000,"25":1658164500000,"26":1658181600000,"27":1658215800000,"28":1658232900000,"29":1658250000000,"30":1658267100000,"31":1658301300000,"32":1658318400000,"33":1658335500000,"34":1658352600000,"35":1658386800000,"36":1658403900000,"37":1658421000000,"38":1658438100000,"39":1658472300000,"40":1658489400000,"41":1658506500000,"42":1658523600000,"43":1658728800000,"44":1658745900000,"45":1658763000000,"46":1658780100000,"47":1658814300000,"48":1658831400000,"49":1658848500000,"50":1658865600000,"51":1658899800000,"52":1658916900000,"53":1658934000000,"54":1658951100000,"55":1658985300000,"56":1659002400000,"57":1659019500000,"58":1659036600000,"59":1659070800000,"60":1659087900000},"n":{"0":2727,"1":910,"2":2,"3":730,"4":1284,"5":1205,"6":11,"7":327,"8":4791,"9":2739,"10":4,"11":168,"12":4118,"13":1518,"14":3,"15":36,"16":2322,"17":1281,"18":3,"19":18,"20":1674,"21":803,"22":2,"23":11,"24":1820,"25":2012,"26":3,"27":3,"28":1523,"29":1838,"30":3,"31":7,"32":11029,"33":5346,"34":27,"35":36,"36":3254,"37":3064,"38":9,"39":13,"40":5245,"41":4582,"42":15,"43":3,"44":1104,"45":5150,"46":84,"47":3,"48":1006,"49":11173,"50":1116,"51":16347,"52":84335,"53":69829,"54":5113,"55":1292,"56":12738,"57":12038,"58":3967,"59":348,"60":6876}}