{"v":{"0":26844.0,"1":9597.2,"2":134249.2,"3":37577.6,"4":20.0,"5":254.6,"6":13737.2,"7":9954.6,"8":27242.6,"9":22555.8,"10":240.0,"11":10204.4,"12":2956.0,"13":40.0,"14":5335.8,"15":5324.2,"16":8779.8,"17":9788.2,"18":403.2,"19":3842.2,"20":22106.6,"21":6764.4,"22":718.4,"23":9625.2,"24":562.4,"25":2774.8,"26":1212.0,"27":2841.8,"28":7884.8,"29":13309.4,"30":65245.2,"31":17680.2,"32":6362.0,"33":18690.8,"34":9151.8,"35":20.0,"36":3175.4,"37":22329.0,"38":116.8,"39":383.4,"40":12704.0,"41":3392.8,"42":14626.2,"43":19164.8,"44":9491.0,"45":11358.2,"46":202.0,"47":15305.4,"48":12288.4,"49":22750.6,"50":56570.6,"51":119.8,"52":19163.8,"53":20844.6,"54":40.0,"55":21796.8,"56":46211.6,"57":400.0,"58":62652.2,"59":21397.8,"60":32312.2,"61":71823.2,"62":7166.4,"63":23485.6,"64":4682.2,"65":91.0,"66":25250.4,"67":4014.0,"68":580645.0000000003,"69":785680.3999999997,"70":50.0,"71":314.2,"72":126134.8,"73":191495.0,"74":1529.2,"75":2057.6,"76":75757.6,"77":62392.8,"78":52467.4,"79":156585.4,"80":283.6,"81":36548.8,"82":23419.2,"83":168.8,"84":44.4},"vw":{"0":33.4538,"1":34.689,"2":30.1972,"3":29.2762,"4":27.55,"5":26.6938,"6":26.8355,"7":26.4639,"8":25.9457,"9":25.5995,"10":26.8335,"11":25.946,"12":25.753,"13":25.35,"14":25.6484,"15":25.0321,"16":24.3461,"17":23.8108,"18":24.0939,"19":23.6093,"20":23.4296,"21":23.5641,"22":23.5909,"23":24.524,"24":24.5542,"25":24.2037,"26":24.2866,"27":23.9054,"28":23.9942,"29":26.271,"30":29.3085,"31":28.4795,"32":29.5856,"33":28.465,"34":28.7951,"35":28.1,"36":28.4562,"37":28.7987,"38":29.0,"39":29.0883,"40":29.5691,"41":29.6561,"42":30.6181,"43":32.94,"44":30.6872,"45":31.413,"46":32.1906,"47":32.372,"48":33.7494,"49":33.8477,"50":34.6241,"51":30.4169,"52":28.3804,"53":26.5877,"54":26.5,"55":26.5239,"56":22.9845,"57":22.75,"58":18.9346,"59":17.7958,"60":16.379,"61":14.755,"62":13.9267,"63":14.1924,"64":14.8959,"65":14.1508,"66":15.0046,"67":15.0824,"68":19.3942,"69":20.5076,"70":19.8699,"71":19.0065,"72":18.431,"73":15.7966,"74":15.4138,"75":14.9479,"76":14.393,"77":13.5932,"78":13.2235,"79":11.5253,"80":10.9631,"81":11.0574,"82":11.1279,"83":10.9559,"84":11.45},"o":{"0":34.25,"1":34.0,"2":34.5,"3":31.2495,"4":27.55,"5":26.55,"6":26.5,"7":26.293,"8":26.05,"9":26.1,"10":26.0,"11":25.95,"12":25.7005,"13":25.4,"14":25.95,"15":25.0,"16":25.2,"17":24.125,"18":23.9,"19":24.5,"20":24.25,"21":23.4,"22":23.5,"23":24.55,"24":24.55,"25":23.9145,"26":24.5,"27":24.45,"28":23.245,"29":25.65,"30":27.95,"31":25.75,"32":28.4,"33":28.6,"34":28.35,"35":28.1,"36":27.65,"37":29.1,"38":29.0,"39":29.4,"40":28.95,"41":29.45,"42":27.45,"43":32.4,"44":29.4,"45":30.4375,"46":32.0,"47":31.75,"48":32.95,"49":33.15,"50":35.05,"51":30.5,"52":32.0,"53":26.925,"54":26.5,"55":26.45,"56":25.0,"57":22.75,"58":22.0,"59":17.2,"60":18.6005,"61":15.006,"62":13.65,"63":14.3,"64":14.85,"65":14.1505,"66":14.7,"67":15.138,"68":15.45,"69":20.0,"70":19.8,"71":19.4,"72":19.05,"73":17.65,"74":15.4705,"75":15.3,"76":14.75,"77":13.8,"78":13.5,"79":13.182,"80":11.15,"81":11.2,"82":11.2,"83":11.0,"84":11.45},"c":{"0":33.65,"1":34.85,"2":31.2375,"3":27.4,"4":27.55,"5":26.55,"6":26.301,"7":26.8,"8":26.424,"9":26.6,"10":27.0,"11":25.6785,"12":26.0,"13":25.3,"14":24.75,"15":24.95,"16":24.1,"17":23.65,"18":24.5,"19":23.5,"20":23.45,"21":23.9,"22":23.89,"23":24.3,"24":24.55,"25":24.201,"26":24.275,"27":23.1495,"28":24.6,"29":27.8825,"30":28.65,"31":28.1,"32":28.7,"33":27.95,"34":28.75,"35":28.1,"36":28.75,"37":30.0,"38":29.0,"39":29.15,"40":29.7,"41":29.55,"42":31.95,"43":30.2,"44":30.356,"45":32.5,"46":32.25,"47":33.05,"48":33.7,"49":34.375,"50":31.0,"51":30.5,"52":27.3,"53":25.7,"54":26.5,"55":25.175,"56":21.25,"57":22.75,"58":17.2005,"59":18.65,"60":15.125,"61":15.4,"62":14.25,"63":14.3345,"64":15.05,"65":14.15,"66":15.1625,"67":14.8,"68":19.9995,"69":19.6,"70":19.8,"71":18.65,"72":17.6,"73":15.5,"74":15.5,"75":15.45,"76":13.8,"77":13.4,"78":12.84,"79":11.1995,"80":10.7,"81":10.85,"82":10.85,"83":10.95,"84":11.45},"h":{"0":35.0,"1":35.0,"2":36.25,"3":31.8995,"4":27.55,"5":27.25,"6":28.7,"7":28.3,"8":27.1,"9":26.6,"10":27.0,"11":26.9,"12":26.2,"13":25.4,"14":26.5,"15":25.3975,"16":25.2,"17":24.501,"18":24.65,"19":24.5,"20":24.65,"21":24.5995,"22":24.65,"23":25.45,"24":24.55,"25":24.75,"26":24.5,"27":25.0,"28":24.9,"29":27.8825,"30":32.2,"31":29.95,"32":30.7005,"33":30.75,"34":29.5,"35":28.1,"36":29.9285,"37":30.5,"38":29.0,"39":29.4,"40":30.625,"41":30.1,"42":32.45,"43":35.2,"44":32.1,"45":32.5,"46":32.25,"47":33.75,"48":34.5,"49":35.25,"50":35.25,"51":30.5,"52":32.45,"53":27.75,"54":26.5,"55":29.0,"56":26.35,"57":22.75,"58":22.5,"59":18.75,"60":18.6005,"61":16.25,"62":14.9845,"63":15.4,"64":15.35,"65":14.1505,"66":15.4,"67":15.2,"68":22.35,"69":22.4,"70":19.8,"71":19.4,"72":20.65,"73":18.046,"74":16.15,"75":15.45,"76":15.55,"77":14.05,"78":13.75,"79":13.2,"80":11.15,"81":11.65,"82":11.5,"83":11.0,"84":11.45},"l":{"0":32.2,"1":31.5,"2":26.8,"3":27.05,"4":27.55,"5":26.55,"6":25.756,"7":25.75,"8":25.0,"9":25.1,"10":26.0,"11":25.0,"12":25.55,"13":25.3,"14":24.75,"15":24.65,"16":23.65,"17":23.4,"18":23.55,"19":23.25,"20":21.75,"21":23.175,"22":22.951,"23":23.25,"24":24.55,"25":23.5,"26":23.95,"27":22.75,"28":23.245,"29":24.7,"30":26.5,"31":25.75,"32":28.4,"33":26.3,"34":27.6,"35":28.1,"36":27.15,"37":26.9,"38":29.0,"39":28.756,"40":28.25,"41":29.1,"42":27.45,"43":30.2,"44":28.9,"45":30.037,"46":32.0,"47":30.475,"48":32.35,"49":31.6,"50":31.0,"51":30.25,"52":26.5,"53":25.4,"54":26.5,"55":24.3,"56":21.2,"57":22.75,"58":17.05,"59":17.05,"60":15.05,"61":13.3,"62":13.35,"63":13.356,"64":14.456,"65":14.15,"66":14.006,"67":14.8,"68":15.45,"69":18.25,"70":19.8,"71":18.65,"72":17.5,"73":14.6,"74":15.05,"75":13.9,"76":13.5505,"77":13.2,"78":12.75,"79":9.6,"80":10.7,"81":10.375,"82":10.65,"83":10.95,"84":11.45},"t":{"0":1660852800000,"1":1660892400000,"2":1660912200000,"3":1660932000000,"4":1660951800000,"5":1661149800000,"6":1661169600000,"7":1661189400000,"8":1661248800000,"9":1661268600000,"10":1661328000000,"11":1661347800000,"12":1661367600000,"13":1661407200000,"14":1661427000000,"15":1661446800000,"16":1661506200000,"17":1661526000000,"18":1661763600000,"19":1661783400000,"20":1661862600000,"21":1661882400000,"22":1661941800000,"23":1661961600000,"24":1662021000000,"25":1662040800000,"26":1662060600000,"27":1662120000000,"28":1662139800000,"29":1662456600000,"30":1662476400000,"31":1662555600000,"32":1662575400000,"33":1662634800000,"34":1662654600000,"35":1662674400000,"36":1662714000000,"37":1662733800000,"38":1662753600000,"39":1662971400000,"40":1662991200000,"41":1663011000000,"42":1663070400000,"43":1663090200000,"44":1663149600000,"45":1663169400000,"46":1663228800000,"47":1663248600000,"48":1663268400000,"49":1663327800000,"50":1663347600000,"51":1663367400000,"52":1663585200000,"53":1663605000000,"54":1663624800000,"55":1663664400000,"56":1663684200000,"57":1663704000000,"58":1663763400000,"59":1663783200000,"60":1663842600000,"61":1663862400000,"62":1663921800000,"63":1663941600000,"64":1663961400000,"65":1664179200000,"66":1664199000000,"67":1664218800000,"68":1664278200000,"69":1664298000000,"70":1664317800000,"71":1664337600000,"72":1664357400000,"73":1664377200000,"74":1664397000000,"75":1664436600000,"76":1664456400000,"77":1664476200000,"78":1664535600000,"79":1664555400000,"80":1664575200000,"81":1664793000000,"82":1664812800000,"83":1664832600000,"84":1664852400000},"n":{"0":644,"1":298,"2":4599,"3":1456,"4":1,"5":6,"6":843,"7":480,"8":771,"9":860,"10":2,"11":330,"12":161,"13":2,"14":265,"15":194,"16":260,"17":282,"18":97,"19":120,"20":622,"21":260,"22":84,"23":488,"24":48,"25":124,"26":75,"27":237,"28":448,"29":895,"30":5358,"31":2189,"32":438,"33":942,"34":831,"35":1,"36":265,"37":1878,"38":1,"39":155,"40":906,"41":234,"42":944,"43":1470,"44":709,"45":944,"46":7,"47":1031,"48":596,"49":1661,"50":1304,"51":4,"52":1559,"53":1460,"54":2,"55":1583,"56":1895,"57":2,"58":3018,"59":978,"60":1316,"61":3200,"62":407,"63":880,"64":192,"65":3,"66":1045,"67":190,"68":25260,