{"v":{"0":23380,"1":44030,"2":11983,"3":31855,"4":33160,"5":13998,"6":69555,"7":48764,"8":47147,"9":34154,"10":10218,"11":49239,"12":2223,"13":150792,"14":69353,"15":46609},"vw":{"0":6.9632,"1":6.9388,"2":6.9073,"3":6.908,"4":7.061,"5":6.9695,"6":6.8144,"7":6.5421,"8":6.8622,"9":7.0248,"10":6.8198,"11":7.0064,"12":7.171,"13":7.315,"14":7.003,"15":7.0112},"o":{"0":7.2,"1":6.8,"2":6.87,"3":6.805,"4":7.02,"5":6.98,"6":6.89,"7":6.5499,"8":6.49,"9":7.0,"10":6.93,"11":6.9,"12":7.07,"13":7.27,"14":7.0,"15":7.04},"c":{"0":6.81,"1":6.97,"2":6.84,"3":6.98,"4":6.96,"5":6.96,"6":6.55,"7":6.56,"8":7.01,"9":6.99,"10":6.87,"11":7.07,"12":7.26,"13":7.0,"14":7.03,"15":7.0},"h":{"0":7.2,"1":7.04,"2":6.95,"3":7.01,"4":7.21,"5":7.02,"6":7.065,"7":6.6,"8":7.02,"9":7.1,"10":6.93,"11":7.09,"12":7.26,"13":7.51,"14":7.1,"15":7.065},"l":{"0":6.81,"1":6.8,"2":6.76,"3":6.75,"4":6.9305,"5":6.94,"6":6.47,"7":6.47,"8":6.49,"9":6.98,"10":6.7301,"11":6.885,"12":7.05,"13":6.99,"14":6.96,"15":6.99},"t":{"0":1663845300000,"1":1663866000000,"2":1663928100000,"3":1663948800000,"4":1664197200000,"5":1664217900000,"6":1664280000000,"7":1664300700000,"8":1664362800000,"9":1664383500000,"10":1664445600000,"11":1664466300000,"12":1664528400000,"13":1664549100000,"14":1664797500000,"15":1664818200000},"n":{"0":473,"1":1026,"2":289,"3":741,"4":691,"5":386,"6":1034,"7":983,"8":860,"9":818,"10":238,"11":1280,"12":48,"13":2746,"14":1347,"15":1091},"sma_20":{"0":7.728205,"1":7.672125,"2":7.608625,"3":7.535125,"4":7.460625,"5":7.397125,"6":7.314625,"7":7.22125,"8":7.15825,"9":7.1215,"10":7.0845,"11":7.0725,"12":7.0685,"13":7.058,"14":7.0375,"15":7.016},"sma_50":{"0":7.703136,"1":7.679136,"2":7.651336,"3":7.627336,"4":7.604336,"5":7.588336,"6":7.564536,"7":7.536136,"8":7.516336,"9":7.494936,"10":7.471736,"11":7.456336,"12":7.446536,"13":7.431936,"14":7.420736,"15":7.412136},"sma_100":{"0":8.052215,"1":8.049215,"2":8.040415,"3":8.033215,"4":8.025515,"5":8.016015,"6":8.002765,"7":7.989565,"8":7.982765,"9":7.975165,"10":7.964565,"11":7.956165,"12":7.949565,"13":7.939165,"14":7.928165,"15":7.914665},"rsi":{"0":30.947316737,"1":35.962980103,"2":33.8139068164,"3":38.1036376835,"4":37.7274475792,"5":37.7274475792,"6":30.5552800606,"7":30.9003203908,"8":44.3096676254,"9":43.9018959602,"10":41.4378344914,"11":46.7974556931,"12":51.3524345793,"13":45.5991583835,"14":46.3461023985,"15":45.6707885945},"upper_bb":{"0":8.7269116762,"1":8.7101028861,"2":8.6883611703,"3":8.5730283458,"4":8.4339182092,"5":8.32365968,"6":8.2339615385,"7":8.0383300064,"8":7.8130402436,"9":7.7226664101,"10":7.6490482591,"11":7.626979367,"12":7.6159640099,"13":7.6020820372,"14":7.5510172831,"15":7.4951835161},"lower_bb":{"0":6.7294983238,"1":6.6341471139,"2":6.5288888297,"3":6.4972216542,"4":6.4873317908,"5":6.47059032,"6":6.3952884615,"7":6.4041699936,"8":6.5034597564,"9":6.5203335899,"10":6.5199517409,"11":6.518020633,"12":6.5210359901,"13":6.5139179628,"14":6.5239827169,"15":6.5368164839},"e26":{"0":7.5795393841,"1":7.5343883186,"2":7.4829521469,"3":7.4456964323,"4":7.4097189188,"5":7.3764064063,"6":7.3151911169,"7":7.2592510342,"8":7.2407879946,"9":7.2222111061,"10":7.1961213946,"11":7.186779069,"12":7.1922028417,"13":7.1779655942,"14":7.1670051798,"15":7.1546344257},"e12":{"0":7.3926061394,"1":7.3275898103,"2":7.2525759933,"3":7.2106412251,"4":7.1720810366,"5":7.1394531849,"6":7.0487680795,"7":6.9735729903,"8":6.9791771457,"9":6.9808422002,"10":6.963789554,"11":6.9801296226,"12":7.0231866038,"13":7.0196194339,"14":7.0212164441,"15":7.0179523758},"MACD":{"0":-0.1869332447,"1":-0.2067985083,"2":-0.2303761535,"3":-0.2350552072,"4":-0.2376378821,"5":-0.2369532214,"6":-0.2664230374,"7":-0.2856780439,"8":-0.261610849,"9":-0.2413689059,"10":-0.2323318406,"11":-0.2066494464,"12":-0.169016238,"13":-0.1583461602,"14":-0.1457887357,"15":-0.1366820499},"e9":{"0":-0.1120282263,"1":-0.1309822827,"2":-0.1508610568,"3":-0.1676998869,"4":-0.181687486,"5":-0.1927406331,"6":-0.2074771139,"7":-0.2231172999,"8":-0.2308160097,"9":-0.232926589,"10":-0.2328076393,"11":-0.2275760007,"12":-0.2158640482,"13":-0.2043604706,"14":-0.1926461236,"15":-0.1814533089},"HIST":{"0":-0.0749050184,"1":-0.0758162257,"2":-0.0795150967,"3":-0.0673553203,"4":-0.0559503962,"5":-0.0442125884,"6":-0.0589459235,"7":-0.0625607439,"8":-0.0307948392,"9":-0.008442317,"10":0.0004757987,"11":0.0209265543,"12":0.0468478102,"13":0.0460143103,"14":0.0468573879,"15":0.0447712589}}