{"v":{"0":7640.72,"1":431.52,"2":4.0,"3":788.28,"4":2925.8,"5":718.16,"6":2037.28,"7":2150.44,"8":380.12,"9":270542.8,"10":24777.08,"11":16504.64,"12":74174.88,"13":2720.48,"14":10.0,"15":110191.32,"16":44097.24,"17":3130.48,"18":902869.9999999999,"19":99819.72,"20":1228.6,"21":1177.8,"22":55062.52,"23":13872.16,"24":20.0,"25":12777.28,"26":37845.6,"27":1487.12,"28":78.52,"29":12166.96,"30":14638.36,"31":120.0,"32":6379.72,"33":11376.84,"34":887.28,"35":22552.24,"36":6772.88,"37":12.0,"38":43.76,"39":10676.56,"40":6388.32,"41":8488.64,"42":17202.8,"43":177.6,"44":5131.92,"45":3577.08,"46":8.0,"47":3622.32,"48":1616.44,"49":52.0,"50":2770.88,"51":1926.08,"52":4663.56,"53":2367.32,"54":46.0,"55":45509.28,"56":33559.44,"57":55.48,"58":15.92,"59":15335.56,"60":13586.8,"61":20.0,"62":93.64,"63":31311.64,"64":4146.64,"65":16.0,"66":7114.0,"67":1428.4,"68":85754.76,"69":18957.6,"70":870.72,"71":105055.48,"72":12661.84,"73":680.76,"74":411.08,"75":11130.56,"76":4058.36,"77":41187.16,"78":109889.6799999999,"79":21521.68,"80":6170.6,"81":16316.0,"82":889.16,"83":10291.36,"84":7532.56,"85":11667.4,"86":21068.8,"87":565.56,"88":13493.24,"89":3642.56,"90":124.52,"91":4228.4,"92":277.2,"93":4156.12,"94":2953.24,"95":74.0,"96":15387.68,"97":5341.48},"vw":{"0":7.7718,"1":7.768,"2":7.6625,"3":7.963,"4":7.8023,"5":7.7297,"6":7.6811,"7":7.7145,"8":7.7855,"9":8.7536,"10":8.5244,"11":8.8325,"12":8.9284,"13":9.3782,"14":9.905,"15":10.6777,"16":9.6595,"17":10.1431,"18":13.2337,"19":10.9747,"20":10.4576,"21":10.4942,"22":9.5295,"23":9.0166,"24":8.85,"25":9.7735,"26":9.0421,"27":9.2902,"28":8.5,"29":8.8303,"30":8.9765,"31":9.25,"32":8.9043,"33":8.7908,"34":8.7162,"35":8.7572,"36":8.6445,"37":8.525,"38":8.255,"39":8.3949,"40":8.6229,"41":8.4356,"42":8.5817,"43":8.6308,"44":8.7026,"45":8.7914,"46":8.6,"47":8.5238,"48":8.5876,"49":8.8346,"50":8.752,"51":8.7531,"52":8.9245,"53":8.8517,"54":8.9671,"55":9.9853,"56":10.5089,"57":10.8387,"58":10.9425,"59":10.4543,"60":9.343,"61":9.5,"62":9.2614,"63":9.6787,"64":9.7165,"65":10.11,"66":9.3501,"67":9.3498,"68":10.1625,"69":9.2931,"70":9.0839,"71":6.5291,"72":5.8926,"73":5.9175,"74":5.8976,"75":5.8389,"76":5.8787,"77":7.5937,"78":6.5649,"79":6.0314,"80":5.7452,"81":5.621,"82":5.5052,"83":5.2932,"84":5.0636,"85":5.2885,"86":4.7186,"87":4.756,"88":5.2514,"89":5.1055,"90":5.2235,"91":5.0613,"92":5.1233,"93":5.2584,"94":5.2188,"95":5.11,"96":4.9139,"97":4.8137},"o":{"0":7.905,"1":7.575,"2":7.6625,"3":8.1475,"4":7.775,"5":7.995,"6":7.925,"7":7.5775,"8":7.55,"9":7.995,"10":8.5275,"11":8.25,"12":8.625,"13":9.2125,"14":9.905,"15":9.905,"16":10.04,"17":9.95,"18":10.4725,"19":10.875,"20":10.4175,"21":10.605,"22":10.25,"23":9.2275,"24":8.815,"25":9.425,"26":9.25,"27":9.25,"28":8.5,"29":8.565,"30":8.75,"31":9.25,"32":9.2,"33":8.7525,"34":9.1875,"35":8.7975,"36":9.025,"37":8.525,"38":8.305,"39":8.5,"40":8.25,"41":8.8225,"42":8.225,"43":8.525,"44":9.0,"45":8.65,"46":8.6,"47":8.3775,"48":8.7,"49":8.7925,"50":8.975,"51":8.75,"52":8.65,"53":8.85,"54":8.8375,"55":9.2475,"56":9.97,"57":10.5,"58":10.9425,"59":9.75,"60":9.9075,"61":9.5,"62":9.5,"63":9.5,"64":9.6,"65":9.9725,"66":9.7375,"67":9.375,"68":9.74,"69":9.5,"70":9.675,"71":8.75,"72":6.055,"73":5.8,"74":6.0,"75":5.875,"76":5.8625,"77":5.8625,"78":8.0,"79":6.2,"80":6.0,"81":5.95,"82":5.5275,"83":5.5,"84":5.17,"85":5.0,"86":5.1125,"87":4.8125,"88":4.6375,"89":4.9975,"90":5.0025,"91":5.085,"92":5.245,"93":5.0,"94":5.2,"95":5.11,"96":5.125,"97":4.85},"c":{"0":7.575,"1":8.0,"2":7.6625,"3":7.8725,"4":7.995,"5":7.5675,"6":7.5825,"7":7.9275,"8":7.995,"9":8.5275,"10":8.45,"11":8.625,"12":8.775,"13":9.625,"14":9.905,"15":10.0425,"16":9.95,"17":9.9025,"18":10.85,"19":10.25,"20":10.5,"21":10.265,"22":9.0325,"23":9.425,"24":8.815,"25":9.2525,"26":9.4025,"27":9.495,"28":8.5,"29":8.775,"30":9.375,"31":9.25,"32":8.75,"33":8.75,"34":8.75,"35":8.89,"36":8.5,"37":8.525,"38":8.25,"39":8.4175,"40":8.725,"41":8.225,"42":8.56,"43":8.7375,"44":8.65,"45":8.6,"46":8.6,"47":8.475,"48":8.375,"49":8.975,"50":8.85,"51":8.65,"52":8.85,"53":9.305,"54":9.2475,"55":9.97,"56":10.9975,"57":10.95,"58":10.9425,"59":9.9075,"60":9.5,"61":9.5,"62":9.025,"63":9.615,"64":9.72,"65":10.25,"66":9.2525,"67":9.275,"68":9.5975,"69":9.1275,"70":9.275,"71":6.0756,"72":5.725,"73":6.0,"74":5.9925,"75":5.8625,"76":6.0,"77":7.75,"78":6.2475,"79":5.925,"80":5.7875,"81":5.6025,"82":5.5575,"83":5.17,"84":5.1,"85":5.1125,"86":4.8,"87":4.815,"88":4.9525,"89":5.5,"90":5.15,"91":5.0525,"92":5.0225,"93":5.125,"94":5.125,"95":5.11,"96":4.8475,"97":4.9675},"h":{"0":8.0,"1":8.0,"2":7.6625,"3":8.1475,"4":7.995,"5":7.995,"6":7.925,"7":7.9275,"8":7.995,"9":9.75,"10":8.925,"11":9.0,"12":9.7,"13":9.65,"14":9.905,"15":11.86,"16":10.125,"17":10.485,"18":17.3725,"19":11.745,"20":10.6125,"21":10.6225,"22":10.5,"23":9.535,"24":8.815,"25":10.545,"26":9.5,"27":9.4975,"28":8.5,"29":9.45,"30":9.375,"31":9.25,"32":9.375,"33":9.0,"34":9.1875,"35":9.125,"36":9.025,"37":8.525,"38":8.305,"39":9.37,"40":9.0,"41":8.8225,"42":8.75,"43":8.7375,"44":9.0,"45":9.0,"46":8.6,"47":8.9225,"48":8.75,"49":8.975,"50":8.975,"51":8.9,"52":9.0,"53":9.305,"54":9.2475,"55":10.75,"56":11.25,"57":10.9825,"58":10.9425,"59":11.5,"60":10.5,"61":9.5,"62":9.5,"63":11.0,"64":9.9825,"65":10.25,"66":10.25,"67":9.875,"68":10.85,"69":9.7125,"70":9.675,"71":9.0,"72":6.09,"73":6.0,"74":6.0,"75":6.1,"76":6.0,"77":9.0,"78":8.225,"79":6.55,"80":6.36,"81":5.95,"82":5.5575,"83":5.5025,"84":5.375,"85":5.745,"86":5.1975,"87":4.9875,"88":7.0,"89":5.75,"90":5.2525,"91":5.25,"92":5.245,"93":5.37,"94":5.365,"95":5.11,"96":5.5,"97":4.9675},"l":{"0":7.5525,"1":7.55,"2":7.6625,"3":7.7,"4":7.5625,"5":7.5675,"6":7.57,"7":7.55,"8":7.5,"9":7.575,"10":8.0,"11":8.25,"12":8.125,"13":9.2125,"14":9.905,"15":9.25,"16":9.2775,"17":9.9025,"18":9.5,"19":10.0,"20":10.1275,"21":10.055,"22":8.375,"23":8.75,"24":8.815,"25":8.3,"26":8.75,"27":8.8,"28":8.5,"29":8.5,"30":8.735,"31":9.25,"32":8.75,"33":8.625,"34":8.5,"35":8.5,"36":8.45,"37":8.525,"38":8.25,"39":8.015,"40":8.25,"41":8.225,"42":8.1875,"43":8.525,"44":8.325,"45":8.575,"46":8.6,"47":8.325,"48":8.375,"49":8.7925,"50":8.5,"51":8.625,"52":8.65,"53":8.75,"54":8.8375,"55":8.8,"56":9.75,"57":10.5,"58":10.9425,"59":9.75,"60":8.845,"61":9.5,"62":9.0225,"63":9.005,"64":9.375,"65":9.9725,"66":9.0025,"67":9.25,"68":8.7625,"69":9.0025,"70":9.0,"71":5.555,"72":5.6275,"73":5.7525,"74":5.63,"75":5.6025,"76":5.805,"77":5.8625,"78":5.85,"79":5.75,"80":5.25,"81":5.5125,"82":5.5,"83":5.0,"84":5.0,"85":5.0,"86":4.255,"87":4.6375,"88":4.6375,"89":4.875,"90":5.0025,"91":4.945,"92":5.0225,"93":4.875,"94":5.125,"95":5.11,"96":4.4425,"97":4.6375},"t":{"0":1660745700000,"1":1660768200000,"2":1660790700000,"3":1660813200000,"4":1660835700000,"5":1660858200000,"6":1660903200000,"7":1660925700000,"8":1661150700000,"9":1661173200000,"10":1661195700000,"11":1661240700000,"12":1661263200000,"13":1661285700000,"14":1661308200000,"15":1661330700000,"16":1661353200000,"17":1661375700000,"18":1661420700000,"19":1661443200000,"20":1661465700000,"21":1661488200000,"22":1661510700000,"23":1661533200000,"24":1661555700000,"25":1661758200000,"26":1661780700000,"27":1661803200000,"28":1661825700000,"29":1661848200000,"30":1661870700000,"31":1661893200000,"32":1661938200000,"33":1661960700000,"34":1661983200000,"35":1662028200000,"36":1662050700000,"37":1662073200000,"38":1662095700000,"39":1662118200000,"40":1662140700000,"41":1662455700000,"42":1662478200000,"43":1662500700000,"44":1662545700000,"45":1662568200000,"46":1662590700000,"47":1662635700000,"48":1662658200000,"49":1662703200000,"50":1662725700000,"51":1662748200000,"52":1662973200000,"53":1662995700000,"54":1663018200000,"55":1663063200000,"56":1663085700000,"57":1663108200000,"58":1663130700000,"59":1663153200000,"60":1663175700000,"61":1663198200000,"62":1663220700000,"63":1663243200000,"64":1663265700000,"65":1663310700000,"66":1663333200000,"67":1663355700000,"68":1663580700000,"69":1663603200000,"70":1663625700000,"71":1663670700000,"72":1663693200000,