{"v":{"0":253542.0,"1":80176.0,"2":78298.0,"3":354377.0,"4":250.0,"5":129582.0,"6":134352.0,"7":253214.0,"8":56782.0,"9":264224.0,"10":198044.0,"11":1531.0,"12":326605.0,"13":61470.0,"14":261269.0,"15":1625199.0,"16":104.0,"17":300.0,"18":332410.0,"19":124889.0},"vw":{"0":20.4054,"1":20.2504,"2":19.9465,"3":20.1654,"4":20.39,"5":19.8532,"6":20.0352,"7":20.355,"8":20.4663,"9":20.9295,"10":20.6625,"11":20.9223,"12":21.0963,"13":21.2978,"14":21.7297,"15":21.9527,"16":22.2,"17":22.39,"18":22.0725,"19":22.2535},"o":{"0":20.46,"1":20.405,"2":20.36,"3":19.99,"4":20.39,"5":20.33,"6":20.02,"7":20.32,"8":20.47,"9":20.74,"10":20.9,"11":20.95,"12":21.03,"13":21.275,"14":21.3388,"15":21.98,"16":22.2,"17":22.37,"18":22.17,"19":22.23},"c":{"0":20.4,"1":20.68,"2":20.005,"3":20.14,"4":20.39,"5":20.0,"6":20.2,"7":20.469,"8":20.57,"9":20.905,"10":20.8,"11":20.87,"12":21.28,"13":21.3,"14":21.9774,"15":21.9704,"16":22.2,"17":22.43,"18":22.22,"19":22.22},"h":{"0":20.665,"1":20.74,"2":20.36,"3":20.315,"4":20.39,"5":20.33,"6":20.2,"7":20.47,"8":20.57,"9":21.03,"10":20.9,"11":20.95,"12":21.29,"13":21.3121,"14":21.9774,"15":22.025,"16":22.2,"17":22.43,"18":22.265,"19":22.37},"l":{"0":20.275,"1":20.155,"2":19.81,"3":19.88,"4":20.39,"5":19.72,"6":19.875,"7":20.155,"8":20.425,"9":20.74,"10":20.515,"11":20.87,"12":20.88,"13":21.255,"14":21.3388,"15":21.75,"16":22.2,"17":22.37,"18":21.93,"19":22.135},"t":{"0":1657627200000,"1":1657650600000,"2":1657697400000,"3":1657720800000,"4":1657744200000,"5":1657791000000,"6":1657814400000,"7":1657884600000,"8":1657908000000,"9":1658142000000,"10":1658165400000,"11":1658212200000,"12":1658235600000,"13":1658259000000,"14":1658305800000,"15":1658329200000,"16":1658352600000,"17":1658376000000,"18":1658399400000,"19":1658422800000},"n":{"0":2182,"1":953,"2":594,"3":2361,"4":1,"5":1344,"6":1186,"7":1814,"8":592,"9":2355,"10":1842,"11":3,"12":2446,"13":486,"14":1749,"15":5252,"16":1,"17":2,"18":1850,"19":974},"sma_20":{"0":20.75295,"1":20.75095,"2":20.7507,"3":20.7417,"4":20.7452,"5":20.7292,"6":20.7107,"7":20.71065,"8":20.69165,"9":20.7004,"10":20.70165,"11":20.71065,"12":20.71365,"13":20.70565,"14":20.74102,"15":20.78154,"16":20.82904,"17":20.91429,"18":20.98434,"19":21.05134},"sma_50":{"0":21.086182,"1":21.037382,"2":20.980482,"3":20.934282,"4":20.890682,"5":20.855482,"6":20.836782,"7":20.825962,"8":20.819962,"9":20.820262,"10":20.814862,"11":20.809862,"12":20.799862,"13":20.816762,"14":20.83651,"15":20.858518,"16":20.888118,"17":20.916718,"18":20.938516,"19":20.963716},"sma_100":{"0":22.039988,"1":22.032288,"2":22.015438,"3":21.998138,"4":21.989138,"5":21.976938,"6":21.968038,"7":21.959728,"8":21.950528,"9":21.936078,"10":21.919578,"11":21.905878,"12":21.896078,"13":21.884278,"14":21.875518,"15":21.862722,"16":21.854522,"17":21.854922,"18":21.853422,"19":21.848722},"rsi":{"0":40.9478875429,"1":45.8407360781,"2":37.7256444802,"3":40.0128985051,"4":44.1069551868,"5":39.5699361223,"6":42.8183423812,"7":46.9489879015,"8":48.4545723163,"9":53.1989092903,"10":51.5959225209,"11":52.6208841006,"12":58.2034807987,"13":58.4606034322,"14":66.0733453974,"15":65.9388647093,"16":68.2234083888,"17":70.3675273367,"18":65.989366957,"19":65.989366957},"upper_bb":{"0":21.5230131485,"1":21.5215810401,"2":21.5223457055,"3":21.5382925063,"4":21.5345735291,"5":21.5663861643,"6":21.5784916558,"7":21.5785001629,"8":21.5540582011,"9":21.5679820968,"10":21.569756536,"11":21.5819742855,"12":21.5927369127,"13":21.55866429,"14":21.7389225321,"15":21.9085377339,"16":22.1088868237,"17":22.3787773246,"18":22.5594819791,"19":22.7190697527},"lower_bb":{"0":19.9828868515,"1":19.9803189599,"2":19.9790542945,"3":19.9451074937,"4":19.9558264709,"5":19.8920138357,"6":19.8429083442,"7":19.8427998371,"8":19.8292417989,"9":19.8328179032,"10":19.833543464,"11":19.8393257145,"12":19.8345630873,"13":19.85263571,"14":19.7431174679,"15":19.6545422661,"16":19.5491931763,"17":19.4498026754,"18":19.4091980209,"19":19.3836102473},"e26":{"0":20.9496272357,"1":20.9296548479,"2":20.8611618962,"3":20.8077424965,"4":20.7767986078,"5":20.7192579702,"6":20.6807944169,"7":20.6651059416,"8":20.658061057,"9":20.6763528305,"10":20.6855118801,"11":20.6991776668,"12":20.7422015433,"13":20.7835199475,"14":20.871955507,"15":20.9533217657,"16":21.0456683016,"17":21.1482113904,"18":21.2276031392,"19":21.3011140178},"e12":{"0":20.856109844,"1":20.8290160219,"2":20.7022443262,"3":20.6157451991,"4":20.5810151685,"5":20.4916282195,"6":20.4467623396,"7":20.4501835181,"8":20.468616823,"9":20.5357526964,"10":20.5764061277,"11":20.6215744158,"12":20.7228706595,"13":20.8116597888,"14":20.9910044367,"15":21.1416806772,"16":21.3044990345,"17":21.4776530292,"18":21.5918602555,"19":21.6884971393},"MACD":{"0":-0.0935173917,"1":-0.100638826,"2":-0.15891757,"3":-0.1919972974,"4":-0.1957834394,"5":-0.2276297508,"6":-0.2340320773,"7":-0.2149224235,"8":-0.189444234,"9":-0.1406001342,"10":-0.1091057524,"11":-0.077603251,"12":-0.0193308838,"13":0.0281398413,"14":0.1190489297,"15":0.1883589115,"16":0.258830733,"17":0.3294416389,"18":0.3642571163,"19":0.3873831215},"e9":{"0":-0.0985213475,"1":-0.0989448432,"2":-0.1109393886,"3":-0.1271509703,"4":-0.1408774641,"5":-0.1582279215,"6":-0.1733887526,"7":-0.1816954868,"8":-0.1832452362,"9":-0.1747162158,"10":-0.1615941231,"11":-0.1447959487,"12":-0.1197029357,"13":-0.0901343803,"14":-0.0482977183,"15":-0.0009663924,"16":0.0509930327,"17":0.1066827539,"18":0.1581976264,"19":0.2040347254},"HIST":{"0":0.0050039558,"1":-0.0016939828,"2":-0.0479781814,"3":-0.0648463271,"4":-0.0549059752,"5":-0.0694018293,"6":-0.0606433247,"7":-0.0332269367,"8":-0.0061989978,"9":0.0341160817,"10":0.0524883707,"11":0.0671926977,"12":0.1003720519,"13":0.1182742216,"14":0.167346648,"15":0.1893253038,"16":0.2078377003,"17":0.2227588849,"18":0.2060594899,"19":0.1833483961}}